id,店名,ビル,階,区画,判定,業種,営業時間,定休日,予算,タグ,電話,公式サイト,別名,出典,確認日,メモ
b1-B2-ba19d5,屯食 喜酔,1,B2,01,採用,,11:30-23:30,,ランチ~1000/ディナー2000-3000,喫煙可|カード可,06-6450-8183,https://tonsya-kisui.com/,屯舎 喜酔,https://www.hotpepper.jp/strJ003762067/,2026-09-23,"ネット上の表記は「屯舎 喜酔」。平日の時間。土11:30-23:00/日祝11:30-22:00。検索要約により昼夜分割(11:30-15:00,17:00-24:00)とする版もあり要確認"
b1-B2-7e4801,大衆料理・居酒屋 御影郷 ふくじゅ,1,B2,02,採用,,16:00-23:00,日|祝,ディナー2000-3000,喫煙可|カード不可|予約可,06-6341-1138,,御影郷 福寿,https://www.1bld.com/shopguide/gourmet/10021/index.html,2026-09-23,土16:00-22:00。カウンター14席＋テーブル
b1-B2-623ff3,九州もん,1,B2,03,採用,,13:30-23:30,土,,喫煙可,,,,https://www.hotpepper.jp/strJ001131502/,2026-09-23,要約の表記が「月～金 日13:30～23:30／定休日 土」と崩れていたので要確認
b1-B2-fbafdf,鶏酒場 大阪梅田アイボリー,1,B2,04,採用,,15:00-23:00,日,,喫煙可|予約可,,https://umedaivory.owst.jp/,鶏酒場 大阪 梅田 アイボリー,https://www.hotpepper.jp/strJ003806667/,2026-09-23,予算は1人あたりの記載なし（コース4000円〜）
b1-B2-cf7ad7,立ち呑み処 まる,1,B2,05,採用,,16:00-23:00,日,ディナー~1500,喫煙可,,,立呑み処 まる,https://www.hotpepper.jp/strJ001285927/,2026-09-23,土は不定期営業、不定休あり
b1-B2-7199de,インド料理 ニルヴァーナ,1,B2,06,見送り,,,,,,,,,,2026-09-23,同名の他地域店（赤羽・尾頭橋・北新地）しか出てこない。第1ビルB2の店は見つからず
b1-B2-948bc0,大衆酒場 さんま,1,B2,12,一部,,,,,,,https://taisyusakaba-sanma.com/store-building/,大衆酒場さんま 大阪駅前第1ビル店,https://taisyusakaba-sanma.com/store-building/,2026-09-23,2026-07-29開店・11時開店・100席。閉店時刻と定休日は見つからず
b1-B2-b3b475,TEA ROOM 木馬,1,B2,19,採用,,9:00-22:00,,,禁煙,,https://www.instagram.com/kissa.mokuba/,キッサ モクバ|コーヒーハウス 木馬,https://mrs.living.jp/osaka/town_gourmet/reporter/5185594,2026-09-23,月〜木の時間。金土日祝は9:00-23:00。不定休。1980年創業
b1-B2-36bc39,さかなのくち スタンド酒場,1,B2,21,採用,,14:00-23:00,,,昼飲み,06-4400-4855,https://sakanano-kuchi.net/,さかなのくち,https://sakanano-kuchi.net/,2026-09-23,公式は「昼から飲める海鮮大衆酒場」。定休日の記載なし。ビール170円・チューハイ120円
b1-B2-ca5df2,炉ばた焼串料理 本安兵衛,1,B2,22,一部,,,,ランチ~1000/ディナー2000-3000,ランチあり,06-6344-4545,,本安兵衛|炉ばた焼季節料理 本安兵衛,https://www.hotpepper.jp/strJ000018263/,2026-09-23,"営業時間・定休日は見つからず。昼は定食約800円が10種ほど。夜の予算は口コミ平均2,200円"
b1-B2-bf2128,CRAFT BEER BASE BUD,1,B2,25,採用,,16:00-22:30,,,禁煙,06-6225-7807,https://craftbeerbase.com/shops/bud,,https://www.1bld.com/shopguide/gourmet/10902/index.html,2026-09-23,平日の時間。土日祝12:00-22:30。不定休。8タップ・テーブルチャージなし
b1-B2-bcca8d,ぶたのくち スタンド酒場,1,B2,26,一部,,,,,喫煙可|昼飲み,,https://butano-kuchi.net/,スタンド酒場 ぶたのくち,https://butano-kuchi.net/,2026-09-23,公式は「昼から飲める豚酒場」。営業時間・定休日は見つからず
b1-B2-448c7d,丸嘉酒店,1,B2,27,見送り,,,,,,,,,,2026-09-23,検索で見つからず
b1-B2-971d4b,ひもの野郎,1,B2,28,一部,,,,,ランチあり,080-7258-6611,https://himonoyarou-osaka1.foodre.jp/,ひもの野郎 大阪駅前第1ビル店,https://www.hotpepper.jp/strJ003498622/,2026-09-23,毎日11時開店（閉店時刻は見つからず）。休みは12/31〜1/3のみ。ひもの定食あり。お通し220円
b1-B2-771cc0,大衆酒場 スタンド ミルクホール,1,B2,28,採用,,12:30-23:00,日,ディナー1500~,喫煙可,06-6347-6844,,,https://retty.me/area/PRE27/ARE89/SUB8901/100001221353/,2026-09-23,開店は12:30と13:30で情報源に差。asayama.info はB1と表記（うちのデータはB2-28）。立ち28人・沖縄料理
b1-B2-cbb2dc,華神（カシン）,1,B2,28,採用,,"11:00-15:00,17:00-22:00",日|月,ランチ~1000,ランチあり|予約可,06-6476-8993,https://kashin-umeda.com/,華神,https://www.1bld.com/shopguide/gourmet/10915/index.html,2026-09-23,祝日は予約制。定食880円（ご飯・スープおかわり自由）
b1-B2-9ddb62,呑み処 シスターブラウン,1,B2,29,一部,,,,,,050-5485-6544,https://ke8n511.gorp.jp/,大阪梅田 シスターブラウン,https://ke8n511.gorp.jp/,2026-09-23,「呑処 大阪梅田ブラウン」(B2-32)の姉妹店。営業時間・定休日は見つからず
b1-B2-71a900,spice32,1,B2,30,採用,,"11:00-15:00,17:00-22:00",日,ディナー1000-2000,ランチあり,06-6341-8900,,spice32 大阪駅前第1ビル店|辛口料理スズメバチ,https://www.hotpepper.jp/strJ001262424/,2026-09-23,平日の時間。土11:00-17:00。旧店名 辛口料理スズメバチ
b1-B2-b872ce,呑み処 大阪梅田 ブラウン,1,B2,32,一部,,,,,喫煙可|立ち飲み,050-5489-2419,https://ke8n508.gorp.jp/,呑処 大阪梅田 ブラウン,https://www.hotpepper.jp/strJ003763785/,2026-09-23,焼肉「鬼に金棒」系列。営業時間・定休日は見つからず
b1-B2-8182c4,立ち飲み処 和,1,B2,33,一部,,,,~1000,喫煙可|ランチあり,,,立飲み処 和,https://retty.me/area/PRE27/ARE89/SUB8901/100000057164/,2026-09-23,営業時間・定休日は見つからず。しめ鯖＋酎ハイで720円ほど、ランチ700円ほどという口コミ
b1-B2-564412,幸せ立ち飲み 夢じゃら,1,B2,34,要確認,,,,,,,,,,2026-09-23,ネットでは第1ビルB2に「幸せ立ち呑み 夢ごりら」（14:00-23:00・日休）が出るが、うちの店名は「夢じゃら」。同じ店か別の店か分からないので付けていない
b1-B2-18831b,うどん店 たかはた,1,B2,35,要確認,,,,,,,,,,2026-09-23,第1ビルB2に「たかはた」が2店（B2-35 うどん店／B2-63 手打ちうどんの店）。検索結果（9:30-21:00・日祝休・カウンターのみ）がどちらの店か区別できない
b1-B2-00d8b3,酒処 あかね,1,B2,36,採用,,15:00-23:00,,,禁煙,,,,https://www.1bld.com/shopguide/gourmet/10191/index.html,2026-09-23,定休日なし。禁煙は英語版グルメサイトの表記なので要確認。おばんざい・焼魚
b1-B2-d1ffb4,TAKOYAKI & BAR POULPE,1,B2,38,採用,,16:00-23:00,月,,禁煙|予約可,06-6147-3379,https://takoyaki-poulpe.com/,Takoyaki & Bar Poulpe|プルプ,https://takoyaki-poulpe.com/access/,2026-09-23,火〜金の時間。土14:00-23:00、日・祝12:00-22:00。月が祝日なら営業し翌火休み
b1-B2-fe72a7,お酒の美術館,1,B2,39,要確認,,,,,,,,,,2026-09-23,「お酒の美術館 大阪駅前第1ビル店」は1F店が2025-02-28閉店。B2の店（2024-02-22開店の告知あり）とどちらの情報か区別できないので付けていない
b1-B2-229b86,夢ごりら,1,B2,40,採用,,14:00-23:00,日,ディナー1000-2000,立ち飲み,,,幸せ立ち呑み 夢ごりら,https://retty.me/area/PRE27/ARE89/SUB8901/100001586861/,2026-09-23,平日の時間。土14:00-21:00。水曜も休みとする情報源あり（要確認）。造り3種盛り500円
b1-B2-8ef2d0,カレーショップ ミクロ,1,B2,41,採用,,11:00-19:00,日,ランチ1000~,カウンターのみ|ランチあり,06-6346-0396,,,https://gourmet.tsuku2.jp/shop/0000201554/review,2026-09-23,閉店は19:00と20:30で情報源に差。カウンター7席
b1-B2-c1460e,つかさや,1,B2,42,見送り,,,,,,,,,,2026-09-23,確かな情報が見つからず（食べログの「つかさ屋」は東梅田の別店）
b1-B2-7ea94c,17時のシアワセ,1,B2,44,採用,立ち飲み,17:00-22:00,火|日,ディナー~3000,立ち飲み|禁煙,,https://www.instagram.com/17jinoshiawase/,,https://tabelog.com/en/osaka/A2701/A270101/27132917/,2026-09-23,月・水〜金の時間。土16:00-21:00、祝16:00-22:00。昼はうどん屋（つるつる庵、同じB2-44）で17時から立ち飲みになる
b1-B2-918fc9,そば・うどん・めん処 つるつる庵,1,B2,44,採用,,8:00-19:30,,~500,ランチあり,,,つるつる庵 第1ビル店,https://www.1bld.com/shopguide/gourmet/10101/index.html,2026-09-23,平日の時間。土8:00-16:30。不定休。17時以降は同じ区画で「17時のシアワセ」が営業
b1-B2-96310d,彦寿司,1,B2,45,採用,,11:00-21:00,日|祝,ランチ~1000,ランチあり|喫煙可,06-6341-3319,,,https://retty.me/area/PRE27/ARE89/SUB8901/100000196766/,2026-09-23,ランチは15時まで。握り1人前700円・1.5人前1000円。カウンターで喫煙可
b1-B2-c7f093,スタンド割烹 若桜,1,B2,46,採用,,"11:50-13:30,18:00-23:00",日|祝,ランチ1500-3000/ディナー10000~,ランチあり,,,若桜,https://retty.me/area/PRE27/ARE89/SUB8901/100000817125/,2026-09-23,第2・第3土曜も休み。喫煙は禁煙/分煙で情報源が割れる。ブログに「地下1階」表記あり（うちはB2-46）
b1-B2-3d6196,寿司 まぐろ一徹,1,B2,47,採用,,"11:00-14:30,16:30-23:00",,,立ち飲み|ランチあり,06-6348-2424,https://kepg100.gorp.jp/,立ち寿司 まぐろ一徹 大阪梅田第1ビル店,https://www.enjoytokyo.jp/spot/g_kepg100/,2026-09-23,月〜土の時間。日祝11:30-22:00。立ち寿司。1貫88円〜
b1-B2-63858f,中華料理 金明飯店 3号店,1,B2,48,採用,,11:00-23:30,,ディナー3600~,ランチあり,,https://kdth403.gorp.jp/,金明飯店 3号店|食べ飲み放題中華 金明飯店 3号店,https://retty.me/area/PRE27/ARE89/SUB8901/100001281643/,2026-09-23,"定休日なし。140種食べ飲み放題コース3,800円〜"
b1-B2-a9c0fc,らーめんやまちゃん イッちゃん,1,B2,49,採用,,"11:00-15:30,17:00-21:00",,,ランチあり,,https://www.instagram.com/ra.yama.iti/,らーめん やまちゃん イッちゃん店,https://ramendb.supleks.jp/s/166288.html,2026-09-23,平日の時間。土日祝は夜が20:30まで。不定休
b1-B2-186d30,ちょっとした料理とおばんざい ふらん,1,B2,50,採用,,"11:30-14:00,17:00-22:00",日,ランチ~1000/ディナー2000-3000,ランチあり|禁煙|一人OK,06-6476-8839,,ふらん,https://tabelog.com/osaka/A2701/A270101/27125291/dtlrvwlst/?type=0,2026-09-23,全面禁煙。カウンター中心。全日本一人呑み協会の掲載店
b1-B2-b54d35,SALON de SUEHIRO,1,B2,51,見送り,,,,,,,,,,2026-09-23,検索で見つからず
b1-B2-f069b6,銀座屋,1,B2,52,採用,,14:00-23:00,日,~2000,立ち飲み|一人OK|行列,,,,https://map.yahoo.co.jp/v3/place/8BmPwMgzeGo,2026-09-23,平日の時間。土14:00-22:00。赤星（サッポロラガー）の聖地として有名。行列ができる
b1-B2-1685d1,お好み焼き・どろ焼き酒場 鳴風,1,B2,53,一部,,,,ランチ~1100,カウンターのみ|ランチあり,,https://nanpuu.co.jp/store/osaka-daiichi-building/,喃風どろ焼き酒場 大阪駅前第一ビル店|喃風,https://nanpuu.co.jp/store/osaka-daiichi-building/,2026-09-23,"公式の表記は「喃風」（うちは「鳴風」）。カウンター13席。昼はどろ焼き&おでん定食1,080円。営業時間は見つからず"
b1-B2-fd59a9,大衆酒場 酒房 吉豊,1,B2,53,一部,,16:30-22:30,,,喫煙可,,,吉豊,https://www.1bld.com/shopguide/gourmet/10201/index.html,2026-09-23,「月-金 16:30-22:30」の記載のみ。土日の営業と定休日は不明。中ジョッキ280円
b1-B2-d562f2,喫茶・軽食 フルール,1,B2,54,一部,,,,,喫煙可,,,フルール,https://retty.me/area/PRE27/ARE89/SUB8901/100001229705/,2026-09-23,全席喫煙可。朝早くから開いているとの口コミ。営業時間・定休日は見つからず
b1-B2-85e20b,徳田酒店,1,B2,61,採用,,14:00-23:00,,~2000,喫煙可,06-6343-0666,,徳田酒店 西梅田店|お肉のおいしい立ち呑み屋 徳田酒店,https://www.1bld.com/shopguide/gourmet/10631/index.html,2026-09-23,日祝は14:00-22:00。年中無休。全面喫煙可
b1-B2-2afad0,酒菜や いしもん 西対（にしのつい）,1,B2,62,要確認,,,,,,,,,,2026-09-23,第1ビルB2に「いしもん」が3店（西対B2-62／対屋B2-72／無印B2-79）。検索結果（平日17:00-24:00）は本店か対屋のものと混ざっていて区別できない
b1-B2-7d8538,手打ちうどんの店 たかはた,1,B2,63,採用,,9:30-21:00,日|祝,~1000,ランチあり,06-6341-9210,,,https://udondb.supleks.jp/s/56293.html,2026-09-23,「手打ちうどんの店 たかはた」名義のページから。閉店は21:00と22:00で情報源に差。同じB2にもう1店（B2-35 うどん店 たかはた）あり。親子丼490円
b1-B2-dfe3d1,屋台餃子,1,B2,66,採用,,16:30-22:30,日,ディナー1000-2000,,06-6147-2468,,屋台餃子 大阪駅前第1ビル|大阪駅前第１ビル屋台餃子,https://www.hotpepper.jp/strJ001255182/,2026-09-23,
b1-B2-20d84a,立呑パーラー 西澤商店,1,B2,68,一部,,,日,,,,https://www.instagram.com/nishizawa_shoten/,立呑パーラー西澤商店,https://asayama.info/?p=2960,2026-09-23,asayama.infoで区画68と一致。確認できたのは「月曜17:00-22:30・日曜休み」だけなので営業時間は入れていない。市場の青果店がやっている立ち飲み・生しぼりサワー
b1-B2-822fa9,大衆酒場 マルリキ,1,B2,69,一部,,,,ディナー2000-3000,喫煙可,,,大衆酒場 マルリキ 大阪駅前第1ビル店,https://www.hotpepper.jp/strJ004213005/,2026-09-23,営業時間・定休日は見つからず。第2ビルにも店あり
b1-B2-351035,CRAFTROOM,1,B2,70,採用,,16:00-24:00,日,,,06-6341-8601,https://craft-room.jp/,クラフトルーム,https://www.timeout.jp/osaka/ja/%E3%83%90%E3%83%BC/craftroom,2026-09-23,所在地がB2-70で一致。現在はモクテル（ノンアルコール）専門とのこと
b1-B2-db0e32,鮪人 まぐろんちゅ,1,B2,71,一部,,,,,ランチあり,,,鮪人,https://www.1bld.com/shopguide/gourmet/10913/index.html,2026-09-23,11:30からランチ営業。閉店時刻・定休日は見つからず。西天満に同名店があり、予算の情報はどちらのものか区別できないので入れていない
b1-B2-fb643a,酒菜や いしもん 対屋,1,B2,72,採用,,17:00-24:00,,ディナー~5000,カード可,06-4795-8558,,いしもん 対屋,https://www.hotpepper.jp/strJ001268359/,2026-09-23,平日・祝前日の時間。土日祝16:00-23:00。不定休。18席
b1-B2-bcab12,立ち飲み 庶民,1,B2,73,採用,,11:00-21:15,,ディナー~1500,禁煙,,https://www.tachinomishomin.net/,立ち呑み庶民 大阪駅前第1ビル店,https://retty.me/area/PRE27/ARE89/SUB8901/100001688725/,2026-09-23,定休日は「月曜」と「不定休」で情報源が割れるので入れていない。ドリンク250〜300円
b1-B2-f1daa8,お好み焼 とみや,1,B2,74,採用,,"11:30-14:00,17:00-23:00",日|祝,2000-3000,ランチあり,,,お好み焼き とみや 大阪駅前第1ビル店,https://www.1bld.com/shopguide/gourmet/10091/index.html,2026-09-23,平日の時間。土は夜が21:00まで。30席。創業50年以上
b1-B2-9615bb,新世界串かつ いっとく 大阪駅前第1ビル店,1,B2,75,採用,,17:00-23:00,,,喫煙可,06-6341-9499,https://kushikatsuittoku.com/store/,新世界 串カツ いっとく 大阪駅前第1ビル店,https://www.1bld.com/shopguide/gourmet/10905/index.html,2026-09-23,"平日の時間。土日祝11:00-23:00。串カツ1本90円〜・食べ放題2,068円〜"
b1-B2-df1477,愉快酒場,1,B2,78,一部,,,,~2000,,050-5486-9967,https://www.yukai-sakaba.com/shop/%E5%A4%A7%E9%98%AA%E9%A7%85%E5%89%8D%E7%AC%AC1%E3%83%93%E3%83%AB%E5%BA%97,愉快酒場 大阪駅前第1ビル店,https://www.hotpepper.jp/strJ000448595/,2026-09-23,"ラストオーダー22:15のみ分かり、開店時刻は不明。休みは年末年始のみ。平均予算2,000円"
b1-B2-2e93bf,酒菜や いしもん,1,B2,79,採用,,17:00-23:30,,2000-3000,喫煙可,,https://kd2p800.gorp.jp/,酒菜や いしもん 本店|いしもん 本店,https://www.hotpepper.jp/strJ001106290/,2026-09-23,名前に支店名が無いこの店を「本店」と判断。月〜木の時間。金17:00-24:00、土16:00-23:00、日15:00-22:00。不定休
b1-B2-495e13,la sow,1,B2,80,見送り,,,,,,,,,,2026-09-23,食べログに「la sow（北新地/イタリアン・ワインバー）」はあるが営業時間などは見つからず
b1-B2-59419b,串揚げ たぬき,1,B2,82,一部,,,,,喫煙可,,,起世,https://asayama.info/?p=527,2026-09-23,旧店名「起世」。串カツ5本セット600円〜。営業時間・定休日は見つからず
b1-B2-9c5bc8,インド料理 ミラ,1,B2,83,採用,,"11:30-15:00,17:30-22:00",,1000-2000,ランチあり,,https://k085000.gorp.jp/,インドレストラン ミラ|MEERA,https://r.gnavi.co.jp/k085000/,2026-09-23,休みは年末年始のみ。62席。食べ飲み放題コースあり
b1-B2-16ae5e,立ち飲みワイン 立ちぶどう千本,1,B2,84,採用,,17:00-23:30,日,ディナー1000-2000,,,,立ちぶどう 千本|C'est bon,https://retty.me/area/PRE27/ARE89/SUB8901/100000699975/,2026-09-23,ワイン1杯250円〜。19時までハッピーアワー
b1-B1-55cde7,今井きしょう,1,B1,03,一部,,,,ディナー5000-6000,予約可,06-6342-4308,http://www.imai-kishou.com/,四季の味 今井きしょう,https://www.hotpepper.jp/strJ001034278/,2026-09-23,"営業時間は古い時短営業の情報しか出ないので入れていない。飲み放題コース3,850円〜"
b1-B1-9eb20a,うどん・そば・食事処 三起,1,B1,04,採用,,11:00-22:00,,,ランチあり,,,うどん・そば・食事処 三紀|三紀,https://www.1bld.com/shopguide/gourmet/10321/index.html,2026-09-23,公式の表記は「三紀」（うちは「三起」）。平日の時間。土11:00-16:00。定休日の記載なし
b1-B1-90ad49,すしのくち スタンド酒場,1,B1,05,見送り,,,,,,,,,,2026-09-23,第1ビルB1にあることしか分からず
b1-B1-fe56bd,スパイスカレー Roche（ロシュ）,1,B1,07,採用,,"11:00-15:00,17:00-20:00",日,~1000,ランチあり|カウンターのみ,,,スパイスカレー Roche|ロシュ,https://www.1bld.com/shopguide/gourmet/10917/index.html,2026-09-23,カウンター10席。チキン800円・ビーフ850円
b1-B1-4df316,サカバ第1,1,B1,08,採用,,15:00-23:00,火|祝,3000-4000,予約可,,,,https://www.hotpepper.jp/strJ003916022/,2026-09-23,月・水〜土の時間。日15:00-22:00
b1-B1-c316af,Indian Restaurant Khajuraho,1,B1,11,一部,,,,,一人OK,06-6341-0333,,インド料理居酒屋 カジュラホ|Indian & Izakaya Kajuraho,https://tabelog.com/en/osaka/A2701/A270101/27139438/,2026-09-23,駅前ビルの「MAHARAJA」の移転先。70席。ドリンク99円〜。営業時間・定休日は見つからず
b1-B1-47a4e8,ホリーズカフェ,1,B1,13,採用,,7:30-21:00,,,禁煙,,https://hollys-corp.jp/shop/o_daiichibi/,ホリーズカフェ 大阪駅前第1ビル店,https://hollys-corp.jp/shop/o_daiichibi/,2026-09-23,平日の時間。土日祝8:00-21:00。不定休。全席禁煙
b1-B1-678ef6,ルーズベルトBeer 食堂,1,B1,14,一部,,,,2000-3000,立ち飲み|喫煙可,,,ルーズベルトbeer食堂|ルーズベルト食堂,https://tabelog.com/osaka/A2701/A270101/27154798/dtlrvwlst/B523959944/,2026-09-23,京橋「リンカーン食堂」系列の新店。クラフトビール350円・アテ190〜590円。営業時間・定休日は見つからず
b1-B1-bf0348,良心的大衆酒場 鶴亀八番,1,B1,14,採用,,11:30-23:30,,,,,https://k949127.gorp.jp/,良心的大衆酒場 鶴亀八番 大阪駅前第1ビル店,https://www.hotpepper.jp/strJ004661014/,2026-09-23,2026-07-22開店。平日の時間。土日祝15:30-23:30。定休日の記載なし。ハイボール・サワー209円
b1-B1-927e99,海鮮屋オカピ,1,B1,15,採用,,15:00-23:00,日,3000-4000,喫煙可,06-6131-7030,,海鮮串オカピ|おさかな屋オカピ,https://www.hotpepper.jp/strJ004193645/,2026-09-23,ネットでは「海鮮串オカピ」「おさかな屋オカピ」表記。土・祝14:00-23:00。市場の鮮魚仲卸直営
b1-B1-c3ca6c,どんがめ,1,B1,16,採用,,11:30-23:30,,1000-4000,,,https://ke7u706.gorp.jp/,大衆酒場 どんがめ 大阪駅前第1ビル店,https://hitosara.com/0031720872/,2026-09-23,月〜土の時間。日祝11:30-23:00。年中無休
b1-B1-676926,湯浅港,1,B1,25,採用,,"11:00-14:00,16:00-23:00",日|祝,,喫煙可|予約可,06-6346-7576,https://yuasakou.com/,居酒屋 湯浅港|地魚料理 湯浅港,https://www.1bld.com/shopguide/gourmet/10901/index.html,2026-09-23,平日の時間。土15:00-22:30。しけで漁が無い日は休み。和歌山湯浅の地魚を直送
b1-B1-06843d,萬願亭,1,B1,31,採用,,"11:30-13:30,17:30-23:00",土|日|祝,ランチ~1000/ディナー3000-4000,喫煙可|行列,,https://mangantei.foodre.jp/,,https://www.1bld.com/shopguide/gourmet/10562/index.html,2026-09-23,ワンコインランチ（500〜600円）に行列。32席・カウンターなし
b1-B1-653c51,北野,1,B1,33,採用,,11:00-23:00,日|祝,ランチ~1000/ディナー2000-3000,喫煙可,,https://izakaya-kitano.owst.jp/,居酒屋 北野,https://www.hotpepper.jp/strJ003599116/,2026-09-23,平日の時間。土17:00-21:00
b1-B1-cfe7a7,スタンドカレー ワタナベ,1,B1,34,採用,,"11:30-15:30,18:00-20:00",土|日|祝,~1000,,070-1802-4442,https://www.instagram.com/standcurrywatanabe/,スタンドカレーワタナベ,https://1bld.com/shopguide/gourmet/10920/index.html,2026-09-23,時刻はラストオーダー（閉店はもう少し後）。ビブグルマン「渡邊咖喱」の4号店。不定休あり
b1-B1-c81489,ドトール,1,B1,35,採用,,7:30-21:00,,,禁煙,06-6341-6221,https://shop.doutor.co.jp/doutor/spot/detail?code=2011829,ドトールコーヒーショップ 大阪駅前第一ビル店,https://shop.doutor.co.jp/doutor/spot/detail?code=2011829,2026-09-23,平日の時間。土8:00-21:00、日祝8:00-20:00。1/1〜1/3休み。106席・電源とWi-Fiあり
b1-B1-db4a30,ロシア料理 モスクワ プリュス シェミ,1,B1,38,採用,,"11:45-14:00,18:00-22:00",月|火,ランチ~1000/ディナー3000-4000,,06-6345-9206,https://mockba7.com/kitchen/,MOCKBA+7|モスクワプリュスシェミ,https://www.hotpepper.jp/strJ000978813/,2026-09-23,ロシア・ウクライナ・ジョージア・中央アジアの料理
b1-B1-26cff2,マヅラ ジョニーウォーカー,1,B1,40,採用,,17:00-23:00,日|祝,,,06-6345-3400,https://www.threads.com/@madura_umeda,BARマヅラジョニーウォーカー,https://suocca.net/mazurajoniuoka/,2026-09-23,喫茶マヅラ（B1-41）と同じ経営。電話は共通
b1-B1-20bd5a,喫茶 マヅラ,1,B1,41,採用,,9:00-21:00,日|祝,,喫煙可,06-6345-3400,https://www.threads.com/@madura_umeda,マヅラ|マヅラ喫茶店,https://www.1bld.com/shopguide/gourmet/10361/index.html,2026-09-23,平日の時間。土9:00-18:00。開店8:30とする情報もあり。モーニング400円。4人席を1人で使うと500円のチャージ
b1-B1-e73745,シャーロックホームズ 大阪ダーツ協会,1,B1,42,採用,,"11:00-14:00,17:00-23:00",月,,,06-6344-4869,http://pub-sherlock.com/,英国パブ シャーロックホームズ,https://www.1bld.com/shopguide/gourmet/10281/index.html,2026-09-23,火〜金の時間。土祝11:00-23:00、日11:00-17:00。英国流ダーツ
b1-B1-8725f2,キング オブ キングス,1,B1,44,採用,,12:00-22:30,日|祝,ランチ~1000/ディナー2000-3000,喫煙可,,https://kingofkingsosaka.foodre.jp/,King of Kings,https://www.hotpepper.jp/strJ000798904/,2026-09-23,1970年開店、マヅラの姉妹店。70席。平日17時以降は1品200円アップ
b1-B1-c881fe,賢人ーかしこびとー,1,B1,46,一部,,,,,禁煙,06-6225-7834,https://www.facebook.com/kashikobito/,賢人-かしこびと-|賢人,https://tabelog.com/en/osaka/A2701/A270101/27091411/,2026-09-23,純米にごり酒専門（約50種）。4名以上は原則お断り。営業時間・定休日は見つからず
b1-B1-2313e2,北北新地,1,B1,50,採用,,16:00-23:00,,,,06-6343-5519,,串かつ専門店 北北新地,https://www.1bld.com/shopguide/gourmet/10371/index.html,2026-09-23,定休日の記載なし。串80円〜・串カツ膳850円
b2-B2-cc7d80,モスバーガー 大阪駅前第2ビル店,2,B2,3,一部,,,,,,,https://www.mos.jp/shop/detail/?shop_cd=01739,モスバーガー大阪駅前第2ビル店,https://www.mos.jp/shop/detail/?shop_cd=01739,2026-09-23,年中無休。営業時間は情報源で食い違う（7:30-22:00 / 8:00-21:30 など）ので入れていない。公式ページで要確認
b2-B2-9f0c4f,コーヒー＆バー パイルドライバー,2,B2,4,採用,,12:30-23:00,日,~1000,喫煙可,06-6341-6110,,パイルドライバー|Pile Driver,https://loco.yahoo.co.jp/place/g-kQPgEHCBO3U/,2026-09-23,昼は喫茶、夜はバー
b2-B2-4a09ae,チャーシューエッグ ポルコ食堂 ビールとはいぼーる,2,B2,6-2,一部,,,日,ランチ~1000,ランチあり|カウンターのみ,06-6459-7735,https://www.instagram.com/porco_29/,ポルコ食堂,https://tabelog.com/osaka/A2701/A270101/27144422/dtlrvwlst/?type=0,2026-09-23,"昼11:00-15:00はチャーシューエッグ定食（1,000円）。夜は「ビールとはいぼーる」として営業するが時間が分からないので営業時間は入れていない（入れると夜が「時間外」になるため）。カウンター10席。2024-09-03開店"
b2-B2-36665c,水産卸売直営酒処 花神 2ビル市場,2,B2,7-1,一部,,,,,禁煙,,,花神 第2ビル市場店|花神 第2ビル市場,https://retty.me/area/PRE27/ARE89/SUB8901/100001747800/,2026-09-23,水産会社直営。ちょい飲みセット888円。営業時間・定休日は見つからず
b2-B2-742139,半立ちダイニングバー MIYA,2,B2,7-2,採用,,13:00-22:30,日|祝,3000-4000,分煙|立ち飲み,,,半立ちダイニングバー MIyA,https://tabelog.com/en/osaka/A2701/A270101/27134960/,2026-09-23,開店は10:00とする情報もあり。分煙は加熱式たばこのみ。半分立ち飲み
b2-B2-3beb28,立ち呑み みねこ,2,B2,11,採用,,16:00-23:00,日,2000-3000,喫煙可|予約可,,,,https://www.hotpepper.jp/strJ003806080/,2026-09-23,asayama.infoで区画11と一致。2023年5月開店。椅子もあり
b2-B2-91b3a7,横浜家系ラーメン 梅田屋,2,B2,12-2,採用,,11:00-22:30,,,,050-3557-7900,,横浜家系ラーメン 梅田家|梅田家,https://ramendb.supleks.jp/s/93041.html,2026-09-23,ネットの表記は「梅田家」（うちは「梅田屋」）。平日の時間。土11:30-22:30、日祝11:00-19:30。無休
b2-B2-2e5fb6,スマイルハンド 第2ビル店,2,B2,13,対象外,,,,,,,,,,2026-09-23,リラクゼーションサロン（マッサージ）で飲食店ではない。削除候補
b2-B2-6c85d2,串カツ でんがな,2,B2,18,一部,,,,ランチ~1000/ディナー2000-3000,喫煙可|予約可,06-6343-1878,https://stores.dengana.jp/detail/3895/,串かつ でんがな 大阪駅前第2ビル店,https://stores.dengana.jp/detail/3895/,2026-09-23,年中無休。営業時間は公式ページにあるが検索結果に出ず
b2-B2-29e446,立呑み 梅田 パープル,2,B2,19-1-2,見送り,,,,,,,,,,2026-09-23,検索で見つからず
b2-B2-a63f03,つけ麺 紋次郎,2,B2,19-2,採用,,"11:00-16:00,18:30-22:00",,,,06-6344-0688,https://www.genki-factory.com/brand/monjiro/,つけ麺 紋次郎 大阪駅前第二ビル店|紋次郎 梅田第2ビル店,https://www.genki-factory.com/brand/monjiro/,2026-09-23,平日の時間（公式）。土日は11:00-16:00のみ。年中無休。全日11:00-23:00とする古い情報もあり
b2-B2-5150d8,ジョニーのからあげ 大阪駅前第2ビル店,2,B2,20-1,採用,,"11:00-15:00,17:00-23:00",,ランチ~1000,喫煙可,06-6347-4421,https://oitakaraage.com/shop/osakaeki.html,ジョニーのからあげ 大阪駅ビル店,https://oitakaraage.com/shop/osakaeki.html,2026-09-23,平日の時間。日祝12:00-22:30。不定休。唐揚げ定食780円
b2-B2-569338,すし酒場 さしす,2,B2,21,採用,,14:00-23:00,,2000-3000,,06-6485-8945,https://joujou.co.jp/shop/sashisu2/,すし酒場 さしす 2号店,https://joujou.co.jp/shop/sashisu2/,2026-09-23,"平日の時間。土日祝12:00-23:00。不定休・年末年始休み。平均2,500円"
b2-B2-fc13da,天神大ホール 第2ビル店,2,B2,22,採用,,14:00-23:00,,ランチ1000-2000/ディナー2000-3000,喫煙可,,https://joujou.co.jp/shop_list/tenjindaihall/,大衆酒場 天神大ホール 大阪駅前第2ビル店,https://www.hotpepper.jp/strJ004252585/,2026-09-23,平日の時間。土日祝12:00-23:00。1/1〜1/3以外無休
b2-B2-caeb3f,立呑み処 七津屋,2,B2,23-1,採用,,10:30-22:00,,~2000,喫煙可,06-6344-7728,https://shoya-group.jp/jp/archives/works/nanatsuya,立呑み処 七津屋 大阪駅前第2ビル店|七津屋 大阪駅前第2ビル店,https://www.hotpepper.jp/strJ001237936/,2026-09-23,毎日営業
b2-B2-57ced9,アリラン（韓国家庭料理）,2,B2,25-1,採用,,11:00-22:30,,ランチ~1000/ディナー2000~,,,,韓国家庭料理 アリラン|韓国料理 アリラン 大阪駅前第2ビル店,https://www.hotpepper.jp/strJ001125478/,2026-09-23,月〜土の時間。日祝11:00-21:30。年中無休。ランチ850円。第3ビルにも「アリラン」あり（別店）
b2-B2-0bb3d4,熊本馬刺鶏料理の遊食家 アズバード,2,B2,25-2,一部,,,,ランチ~1000,ランチあり,06-7777-5510,,熊本馬刺と鶏料理 遊食家アズバード,https://tabelog.com/osaka/A2701/A270101/27136715/,2026-09-23,11:30開店（閉店時刻・定休日は見つからず）。ランチはチキン南蛮定食850円
b2-B2-e40538,豚々亭,2,B2,26,採用,,11:00-22:00,,1000~,禁煙|行列,06-6341-7123,,,https://mrs.living.jp/osaka/town_gourmet/reporter/5111344,2026-09-23,月〜土の時間。日祝11:00-21:00。年中無休。トンテキ定食。食券制。昼は行列
b2-B2-59a44f,2ビルのいしもん,2,B2,27-1,採用,,16:00-23:00,,,予約可,,https://2birunoishimon.owst.jp/,,https://www.hotpepper.jp/strJ004025579/,2026-09-23,所在地がB2 27-1で一致。月〜木・土の時間。金16:00-23:30、日祝15:00-22:00。定休日の記載なし
b2-B2-50663e,ワイン＆洋風お好み焼き アベロ食堂,2,B2,27-2,一部,,,水|日,,カウンターのみ,,https://apero-shokudo.com/,アペロ食堂|ワインと洋風お好み焼 アペロ食堂,https://apero-shokudo.com/about,2026-09-23,公式の表記は「アペロ食堂」（うちは「アベロ」）。16時開店（閉店時刻は見つからず）。カウンター16〜18席。2023年12月開店
b2-B2-abe0f3,焼鳥 牛たん どんたく,2,B2,28-1,採用,,"11:00-14:00,17:30-22:30",土|日|祝,2000-3000,カウンターのみ,,,どんたく,https://asayama.info/?p=2734,2026-09-23,asayama.infoで区画28-1と一致。15席
b2-B2-6f1cf3,にしき,2,B2,28-2,採用,そば・うどん,11:00-22:00,日|祝,~1000,カウンターのみ,,,手打ち饂飩にしき|手打ち饂飩 にしき,https://udondb.supleks.jp/s/104906.html,2026-09-23,うちの業種は「居酒屋」だったが、ネットでは第2ビルB2の「にしき」は手打ちうどん店しか出てこないので業種を直した。土は17:00まで。名物もつ吸いうどん
b2-B2-c7d16c,ちるり 盛岡冷麺・タンしゃぶ,2,B2,29,採用,,"12:00-15:00,17:00-23:00",,1000~,,06-6343-2367,https://chillri.jp/store/,CHILLRI|ちるり,https://tabelog.com/en/osaka/A2701/A270101/27136126/,2026-09-23,昼の開始は12:00と11:00、休みは水曜と不定休で情報源が割れる（休みは入れていない）。昼は盛岡冷麺、夜はタンしゃぶ
b2-B2-b2d6b0,大衆すし 謹賀,2,B2,31,採用,,11:00-23:00,,~3000,,,,大衆すし 謹賀 2ビル,https://www.hotpepper.jp/strJ004181930/,2026-09-23,"不定休。平均3,000円"
b2-B2-66ff77,WCB UMEDA1,2,B2,32-2,採用,,15:00-22:00,月,,,06-6676-8250,https://www.westcoastbrewing.jp/location/wcb-umeda/,WCB UMEDA 1,https://www.westcoastbrewing.jp/location/wcb-umeda/,2026-09-23,火〜金の時間。土日11:00-22:00。静岡の醸造所 West Coast Brewing の直営ビアバー。所在地B2の32号西側で一致
b2-B2-f4ac4f,お立呑み処 たよし 大阪駅前第2ビル店,2,B2,33,一部,,,日,1000-2000,喫煙可,06-6346-5666,https://y-tayoshi.co.jp/shop_ekimae2/,たよし 大阪駅前第2ビル店|立呑み処たよし,https://y-tayoshi.co.jp/shop_ekimae2/,2026-09-23,15時開店（閉店時刻は見つからず）。ワンコインセット500円
b2-B2-cf9124,コーヒーハウス イフ,2,B2,34-2,採用,,7:30-20:00,,,,06-6345-3047,,COFFEE HOUSE if|イフ,https://gourmetyossy-blog.com/2024/08/19/47368/,2026-09-23,平日の時間。土日祝8:00-18:30。月1回ほど不定休（第3日曜が多い）。8:00-21:00年中無休とする古い情報もあり。喫煙は禁煙/喫煙可で情報が割れる。1976年創業
b2-B2-1a7a7b,大衆居酒屋 黒たぬき,2,B2,35-1,採用,,11:30-23:00,,,ランチあり,06-6147-2955,https://www.instagram.com/kurotanuki.umeda/,,https://www.hotpepper.jp/strJ004201817/,2026-09-23,B2の店（B1-15にも黒たぬきB1店あり）。ランチ11:30-15:00。65席。定休日の記載なし
b2-B2-b52e8a,肉屋の串カツ 丸力 大阪駅前第2ビル店,2,B2,35-4,要確認,,,,,,,,,,2026-09-23,出てくる情報が2017年時点で「B1F」表記（うちはB2-35-4）。系列の丸力は「大衆酒場 マルリキ」に改名した店もあり、今の店名・場所が確かめられない
b2-B2-0f7df3,磯丸水産 大阪駅前第2ビル店,2,B2,36,採用,,11:00-23:00,,ランチ~1000/ディナー2000-3000,,06-6348-1177,https://isomaru.jp/1540/,,https://isomaru.jp/1540/en/,2026-09-23,年中無休。浜焼き
b2-B2-cdb811,大阪駅前第2ビルB2 応援団 勝男,2,B2,37,採用,,11:30-23:30,,2000-3000,喫煙可,06-6225-8101,https://keje800.gorp.jp/,第2ビルB2応援団 大分からあげと鉄板焼 勝男|勝男 第2ビルB2応援団,https://r.gnavi.co.jp/cr6v87pe0000/,2026-09-23,B2の店（B1-56にもB1応援団あり）。年中無休。喫煙目的店のため20歳未満は入店不可。125席。生ビール180円
b2-B2-2257df,餃子の王将,2,B2,40,採用,,11:00-21:30,,,,06-6341-6410,https://map.ohsho.co.jp/b/ohsho/info/1423/,餃子の王将 大阪駅前第2ビル店,https://map.ohsho.co.jp/b/ohsho/info/1423/,2026-09-23,年中無休（年末年始は別）。23席
b2-B2-9306df,立ち呑み まさ 梅田店,2,B2,41,採用,,15:00-22:45,月,,禁煙,,https://tachinomi-masa.com/,立ち呑み まさ 大阪駅前第2ビル店|大衆すし居酒屋 まさ,https://tachinomi-masa.com/shop.html,2026-09-23,所在地B2-41で一致。平日の時間。土12:00-22:45、日祝12:00-21:00。ドリンク100円台から
b2-B2-c035db,Caffe*MINIMO,2,B2,42-1,見送り,,,,,,,,,,2026-09-23,検索で見つからず
b2-B2-106beb,うどん・そば 麺2,2,B2,42-2,採用,,8:00-21:30,日,,,,,麺2|麺２,https://www.hotpepper.jp/strJ000618069/,2026-09-23,平日の時間。土8:00-19:00。立ち食いのセルフうどん
b2-B2-b45b34,居食や きんやま,2,B2,43,採用,,11:00-23:30,,,喫煙可,,,きんやま|居酒屋 きんやま,https://epark.jp/shopinfo/hit620320/,2026-09-23,定休日なし
b2-B2-a0b846,居酒屋 柚,2,B2,45,一部,,,,,ランチあり,06-6341-4281,,柚|居酒屋柚（ゆう）,https://www.hotpepper.jp/strJ000448367/,2026-09-23,炉端のカウンター。昼も営業しランチあり。営業時間・定休日は見つからず
b2-B2-fd9d35,JAZZ&BAR ホワッツ・ニュー,2,B2,46,採用,,18:00-23:00,日|祝,,,06-6345-3119,,ホワッツ ニュー|What's New,https://bar-navi.suntory.co.jp/shop/0663453119/,2026-09-23,
b2-B2-36c578,Little Bar リトルバー,2,B2,47-1,採用,,17:00-24:00,日,,,06-6345-5001,,LITTLE BAR|リトルバー,https://bar-navi.suntory.co.jp/shop/0X00221797/,2026-09-23,祝日も休みとする情報源あり
b2-B2-1ee79f,居酒屋 平田,2,B2,47-2,一部,,,日,ランチ~1000/ディナー1000-2000,ランチあり,,,平田,https://www.hotpepper.jp/strJ003340262/,2026-09-23,10席ほど。営業時間は見つからず
b2-B2-2251ec,ビリヤニHUB,2,B2,48-1,採用,,"11:00-15:00,17:00-21:30",,ランチ~1100,,,,BIRYANI HUB|ビリヤニ・ハブ,https://higachannpoko.com/%E5%9C%B0%E5%9F%9F%E5%88%A5/biryani-hub%E5%A4%A7%E9%98%AA%E9%A7%85%E5%89%8D%E7%AC%AC2%E3%83%93%E3%83%AB%E3%83%BB%E3%82%AB%E3%83%AC%E3%83%BC.html,2026-09-23,"2024-03-19開店のスリランカ料理。定休日の記載なし。ビリヤニセット1,000〜1,100円"
b2-B2-00c070,タチノミエイト 第2ビル店,2,B2,48-2,採用,,15:00-23:00,日,,禁煙,06-6344-8222,https://www.instagram.com/tachinomieight/,タチノミエイト 大阪駅前第2ビル店,https://tabelog.com/en/osaka/A2701/A270101/27141735/,2026-09-23,平日の時間。土14:00-22:00。アテ400円前後。2024-04-01開店
b2-B2-bb727d,大衆居酒屋 よっとこ,2,B2,49,採用,,"11:30-14:00,17:00-22:30",,ディナー3000-4000,喫煙可|予約可,,https://brezza2018.com/izakaya/,大衆居酒屋よっとこ,https://www.hotpepper.jp/strJ002647361/,2026-09-23,"平日の時間。土日祝12:00-22:00。定休日の記載なし。飲み放題付きコース1,999円"
b2-B2-d1d621,オットモンテ,2,B2,50-2,採用,洋食,11:00-14:30,土|日,ランチ~1000,,,,イタリア食堂オットモンテ,https://news.yahoo.co.jp/expert/articles/9355897bebfb8314706b11ee30b4e1edd32d8cd5,2026-09-23,うちの業種は「居酒屋」だったが生パスタの店なので直した。「営業は平日ランチのみ」との記事から土日を休みにした。夜は不定期営業（Instagramで告知）。900円〜
b2-B2-52149c,らーめん やまちゃん,2,B2,50-3,採用,,"11:00-15:30,17:00-21:00",,,,,https://www.instagram.com/ra.yama17/,らーめんやまちゃん,https://asayama.info/?p=1685,2026-09-23,平日の時間。土日祝は夜が20:30まで。不定休。B2郵便局前。第1ビルの「イッちゃん店」は姉妹店
b2-B2-99e8b0,焼鳥 にのや,2,B2,51-1,採用,,17:00-23:00,土|日|祝,,,,,にのや|焼鳥にのや,https://loco.yahoo.co.jp/place/g-MOuAlitD8IQ/,2026-09-23,カウンターと少しのテーブル
b2-B2-495969,ちゃんこ居酒屋 太一山,2,B2,51-2,採用,,17:30-22:30,木|日,2000-4000,禁煙|カウンターのみ|一人OK,,https://chanko-taichiyama.com/,ちゃんこ居酒屋太一山,https://chanko-taichiyama.com/info.aspx,2026-09-23,"元力士の店。紙巻きは不可・電子タバコは可。予算は3,000〜4,000円と2,000円前後で情報源が割れる。公式は「一人飲み居酒屋」"
b2-B2-284339,麺屋7.5Hz+ 梅田店,2,B2,52-1,採用,,11:00-20:00,木,,,06-6346-5510,https://75hz.jp/umedaten/,麺屋7.5Hz 梅田店|7.5ヘルツプラス,https://75hz.jp/umedaten/,2026-09-23,月1回水曜も休み
b2-B2-1c3b77,ドリンクステーション 2ビルB2東店,2,B2,52-2,見送り,,,,,,,,,,2026-09-23,検索で見つからず
b2-B2-40e39f,喫茶 ジャマイカ,2,B2,54,一部,,,,,喫煙可,06-6345-2847,,ジャマイカ|喫茶ジャマイカ,https://cafeadvisor.jp/introduce/umeda-coffee-jamaica/,2026-09-23,営業時間は16:00-21:00／15:00-21:00／8:00-21:00と情報源がばらばらなので入れていない
b2-B2-00e310,エキビルダイナー マチソワ,2,B2,57-3-1,採用,バー,"11:00-14:00,16:00-23:00",祝,,予約可,,,エキビルダイナー・マチソワ,https://www.hotpepper.jp/strJ004492694/,2026-09-23,業種が空だったので「ダイニングバー」からバーにした。日曜も営業
b2-B2-d6ae2b,SAKE and FOOD ボクのスタンド,2,B2,59,採用,,11:30-23:30,,2000-3000,分煙,080-8912-7595,,ボクのスタンド 梅田店,https://www.hotpepper.jp/strJ003649166/,2026-09-23,全席立ち飲み・焼き鳥。定休日の記載なし
b2-B2-d195f4,金明飯店,2,B2,60,採用,,11:00-23:30,,ランチ~1000/ディナー2000-3000,喫煙可,,https://kinmeidai2bld-umeda.owst.jp/,中華料理 金明飯店 大阪駅前第2ビル店,https://www.hotpepper.jp/strJ000827891/,2026-09-23,"年中無休。ランチ約800円・ディナー約2,500円。150種食べ放題コース3,200円"
b2-B2-36b183,至極の麺 華,2,B2,61-2,一部,,,,,ランチあり,090-6063-7768,,至極の麺華,https://retty.me/area/PRE27/ARE89/SUB8901/100001305932/,2026-09-23,"営業時間は2通りの情報（11:00-21:30／11:30-15:00,16:30-20:30）があり入れていない。麺が売り切れたら終了。休みはGW・お盆・年末年始"
b2-B2-2998b8,ホルモン焼 おかだ,2,B2,62-1,採用,,17:30-23:00,日,,予約可,06-6454-1118,,ホルモン焼おかだ,https://www.hotpepper.jp/strJ001146814/,2026-09-23,営業日は「月〜土・祝・祝前日」なので日曜を休みにした。20時までワンコインセット500円
b2-B2-4e4d57,北京飯店,2,B2,62-2,採用,,11:00-23:00,土|日,~1000,,,,,https://tabelog.com/en/osaka/A2701/A270101/27120588/,2026-09-23,定食が中心（麻婆春雨・油淋鶏など）
b2-B2-b30f53,cafe&bar for you II,2,B2,63-1,採用,,18:00-22:30,日,,,06-6345-3122,,cafe & bar for you Ⅱ,https://loco.yahoo.co.jp/place/g-wlElPZJkl1s/,2026-09-23,以前は昼11:30-14:30にカレーを出していたという情報もあり、今もあるかは不明
b2-B2-09e320,シャトレーヌ・プラス,2,B2,63-2,採用,,7:00-21:00,,,喫煙可,06-6451-7775,,シャト・レーヌ・プラス 大阪駅前第2ビル南店,https://hitosara.com/0031226261/,2026-09-23,平日の時間。土日祝8:00-20:00。無休。全席喫煙可。電源席あり
b2-B2-03a69b,らーめん チョンマゲ 梅田店,2,B2,64,採用,,"11:00-14:45,18:00-21:45",,,,,,らーめん チョンマゲ 大阪梅田店,https://ramendb.supleks.jp/s/153956.html,2026-09-23,"月〜木の時間。金は夜22:45まで、土11:00-15:15,18:00-22:00、日11:00-21:00。定休日なし（年末年始は休み）。玉子焼きめしが有名"
b2-B2-49233c,変わりかつ丼 祭太鼓,2,B2,65,採用,,11:00-21:00,,~1000,,,http://matsuridaiko.co.jp/access.html,祭太鼓 大阪駅前第二ビル店|元祖 変わりかつ丼・親子丼 祭太鼓,https://hitosara.com/0032002781/,2026-09-23,不定休。700円〜。B2南通路。第3ビルにも店あり
b2-B2-df38d4,立ち呑み 庶民,2,B2,67-1,採用,,11:00-21:45,月,1000-2000,禁煙|現金のみ,,https://www.tachinomishomin.net/,立ち呑み 庶民 大阪駅前第2ビル店,https://retty.me/area/PRE27/ARE89/SUB8901/100001550967/,2026-09-23,所在地B2 67-1号で一致。全席禁煙・現金のみ・20席
b2-B2-063daf,フランス風一膳飯屋＆ワイン彩々 いわむら cher Deuxieme,2,B2,69,採用,,"11:30-14:00,17:30-21:00",,,行列|予約可,06-6341-7665,https://e-iwamura.com/,いわむら Chez Deuxieme|シェ ドゥジェーム いわむら,https://www.hotpepper.jp/strJ000041291/,2026-09-23,土曜はランチなし。日曜の営業は不明。ランチは手作り洋食で行列
b2-B2-551440,つけ麺専門 虎ノ王,2,B2,71,採用,,11:00-22:30,,,,06-6348-1817,https://kern200.gorp.jp/,つけ麺専門 麺処 虎ノ王 梅田店|虎の王 梅田1号店,https://ramendb.supleks.jp/s/111944.html,2026-09-23,定休日の記載なし。梅田2号店という別店もある
b2-B2-777ad1,ちるちるにびる,2,B2,67-2,一部,,,,,立ち飲み,,,,https://asayama.info/?p=2845,2026-09-23,asayama.infoに区画67-2とあったので区画を補った（うちは空欄だった）。中華の立ち飲み。年中無休。営業時間は見つからず
b2-B2-b2bb7e,焼鳥スタンドつくも99,2,B2,,一部,,,,,,,https://www.instagram.com/yakitoristando_99,,https://www.instagram.com/yakitoristando_99,2026-09-23,2026年2月開店。営業時間などは見つからず
b2-B1-907050,チャイニーズ酒家 豪華（フーバー）,2,B1,1,採用,,11:00-22:00,日|祝,ランチ~1000,喫煙可,,,豪華|フーバー|チャイニーズ酒家 フーバー(豪華),https://www.hotpepper.jp/strJ000013040/,2026-09-23,"15時まで定食のご飯おかわり自由。夜のコース1,980円〜。貸切可"
b2-B1-fe54ac,肉食系酒場 片岡肉じろう,2,B1,3-2,採用,,"12:00-15:00,17:00-22:00",日,1000~,禁煙,050-5592-4858,,片岡肉じろう,https://x.com/miteiku_winds/status/2077667404667400527,2026-09-23,平日の時間。土・祝15:00-22:00。昼を11:45-14:00とする情報もあり。チャーシューエッグ定食
b2-B1-446b08,大衆酒場 台所や はなれ,2,B1,4,要確認,,,,,,,,,,2026-09-23,検索で出るのは本店「大衆酒場 台所や」（B1-13）の情報で、「はなれ」の営業時間は見つからない
b2-B1-7d852b,ちかごろのカレー屋さん カナエ,2,B1,6-1,採用,,11:00-20:30,,,,06-6346-0137,https://www.curry-kanae.jp/,ちかごろのカレー屋さん KANAE|KANAE,https://www.curry-kanae.jp/,2026-09-23,平日の時間。土11:00-16:00、日祝11:00-15:00。月曜休みとするブログもあり（要確認）
b2-B1-334180,堂山食堂,2,B1,6-2,見送り,,,,,,,,堂山食堂 2ビル店,,2026-09-23,食べログに「堂山食堂 2ビル店」はあるが、検索結果の情報（24時間営業など）は本店のものと混ざっていて使えない
b2-B1-cd8664,大衆串カツ よっとこ,2,B1,7-1,採用,,17:00-22:30,,1000-3000,喫煙可|予約可,06-6147-7225,https://kusikatsuyottoko.owst.jp/,,https://www.hotpepper.jp/strJ003498669/,2026-09-23,"所在地B1 7-1で一致。平日の時間。土日祝12:00-22:00。不定休。飲み放題120分1,999円〜"
b2-B1-0bfb34,肉汁餃子のダンダダン 大阪駅前第2ビル店,2,B1,8-1,採用,,"11:30-15:00,17:00-23:00",,3000~,,06-6344-6189,https://dandadan-umeda-ekimaebiru.owst.jp/,肉汁餃子のダンダダン 大阪駅前第二ビル店,https://www.hotpepper.jp/strJ003474045/,2026-09-23,平日の時間。土・祝・祝前日11:30-23:00、日11:30-21:30。不定休
b2-B1-81db1f,ひねり蛇口ハイ 大衆酒泉 テルマエ 大阪駅前第2ビル店,2,B1,8-2,採用,,12:00-23:00,,,,06-6131-9616,https://terumae-official.com/shop/osakaekimaedainibiru/,大衆酒泉テルマエ 大阪駅前第2ビル泉|テルマエ,https://terumae-official.com/shop/osakaekimaedainibiru/,2026-09-23,毎日営業。蛇口から飲み放題1時間398円・生中190円。2023-09-18開店
b2-B1-f1c78e,台湾料理 味仙,2,B1,8-3,採用,,"11:30-14:00,17:00-21:30",水,ランチ1000-2000/ディナー2000-3000,,06-6343-0470,https://x.com/misenosaka,台湾料理 味仙 大阪駅前第2ビル地下1階店,https://hitosara.com/0031672503/tel.html,2026-09-23,火曜だけ夜22:00まで。名古屋「味仙」の系譜。台湾ラーメン
b2-B1-d9c0ba,海鮮酒場 ナカヒデ,2,B1,8-4,採用,,15:00-23:00,,ディナー3000-4000,喫煙可|予約可,06-6147-9092,https://nakahide-umeda.owst.jp/,元気 海鮮酒場 ナカヒデ 梅田店 大阪第二ビル,https://www.hotpepper.jp/strJ003671076/,2026-09-23,所在地B1-8-4で一致。平日の時間。土12:00-22:00、日祝12:00-21:00。不定休。平日15〜18時はドリンク99円
b2-B1-c2c510,大衆飯店 十八番,2,B1,11,採用,,11:30-23:30,,~3000,ランチあり,06-6110-5271,https://kesm200.gorp.jp/,大衆飯店 十八番 第2ビルB1店,https://tabelog.com/osaka/A2701/A270101/27155939/,2026-09-23,2026-05-14開店の大衆中華酒場。年中無休。瓶ビール大299円。第4ビルB2にも店あり
b2-B1-6a7b55,立呑屋 楠木フサヱ 本店,2,B1,12-2,一部,,,,,喫煙可,,,楠木フサヱ 本店|立呑屋楠木フサエ|楠木フサエ 本店,https://www.hotpepper.jp/strJ004316615/,2026-09-23,"所在地B1F12で一致。営業時間は2通り（平日11:00-14:00,17:00-23:00／平日16:00-23:00）あり入れていない。日本酒中心"
b2-B1-965fa4,大衆酒場 台所や,2,B1,13,採用,,"11:30-14:00,17:00-23:00",日,~3000,,06-6344-1060,,,https://www.hotpepper.jp/strJ000985453/,2026-09-23,"月〜土の時間。平均3,000円"
b2-B1-b9519b,楠木フサヱ はなれ,2,B1,14-1,採用,,16:00-23:00,,~2000,喫煙可|予約可,,,,https://www.hotpepper.jp/strJ004283559/,2026-09-23,平日の時間。土14:00-23:00、祝14:00-22:00。全面喫煙可。本店（B1-12-2）の検索で出た「平日16:00-23:00」はこの店の時間だった
b2-B1-59f96a,大衆居酒屋黒たぬき大阪駅前第2ビルB1店,2,B1,15,要確認,,,,,,,,,,2026-09-23,検索ではB2の黒たぬき（B2-35-1）の情報しか出ず、B1店の営業時間が区別できない
b2-B1-0ee1d2,めん処 つるつる庵,2,B1,17-1,採用,,9:30-19:30,日,,,,,つるつる庵 第2ビル店|めん処 つるつる庵 第２ビル店,https://retty.me/area/PRE27/ARE89/SUB8901/100000926718/,2026-09-23,平日の時間。土9:30-16:30（10:30開店とする情報も）、祝10:30-15:00。祝日も休みとする情報あり
b2-B1-d5df43,カフェ・ラ・ネージュ,2,B1,18,一部,,,,,喫煙可,06-6346-0258,,ラ・ネージュ|カフェ ラ・ネージュ,https://www.hotpepper.jp/strJ000448832/,2026-09-23,平日8:00〜・土日祝9:00〜（閉店時刻は見つからず）。全面喫煙可。モーニングあり
b2-B1-7e2b3a,ステーキファイブと寿司六,2,B1,19,採用,,11:30-23:00,,ランチ1000-2000/ディナー2000-3000,,06-6147-3589,https://steakfive.com/,ステーキファイブと寿司六 大阪駅前第2ビル店,https://hitosara.com/0031686879/,2026-09-23,月〜土の時間。日祝11:30-22:00。年中無休。電話予約は不可。熟成牛ステーキと熟成寿司。第3ビルにも店あり
b2-B1-3e56ff,まじめや,2,B1,21-1,採用,,12:00-23:00,,,喫煙可,050-5488-7684,https://kdf0018.gorp.jp/,大衆居酒屋 まじめや 大阪駅前第二ビル店|居酒屋 まじめや 大阪駅前第二ビル店,https://www.hotpepper.jp/strJ001258862/,2026-09-23,月〜土の時間。日祝12:00-22:30。無休。60席。唐揚げ490円
b2-B1-7073b9,立呑処 しげ家,2,B1,28,見送り,,,,,,,,,,2026-09-23,食べログに「しげ家（北新地/立ち飲み）」はあるが、第2ビルの店と確かめられる情報が出ない
b2-B1-0415ec,インド家庭料理 マハラジャ,2,B1,30,採用,,"11:00-15:00,17:00-22:00",,,,050-5869-5835,,インド料理 MAHARAJA|マハラジャ,https://www.magokorokomete302.com/entry/2025/02/26/070002,2026-09-23,年中無休。2025年2月時点で営業の記事あり。第1ビルのカジュラホが「マハラジャの移転先」とする紹介もあるので、今も営業しているか要確認
b2-B1-92dccc,呑み処 りんご屋 パート1,2,B1,31-2,要確認,,,,,,,,呑み処りんご屋 大阪駅前第２ビル店パート１,,2026-09-23,食べログで「営業しているか確認できていない」扱いになっている。閉店・移転の可能性あり
b2-B1-224abf,大衆酒場 どんがめ,2,B1,32,一部,,,,,,06-6341-3155,https://ke5z900.gorp.jp/,大衆酒場 どんがめ 大阪駅前第2ビル店,https://hitosara.com/0031385364/,2026-09-23,昼から営業。営業時間の詳細は見つからず。隣のB1-33は系列の「どんがめMAX」
b2-B1-802430,どんがめ まっくす 大阪駅前第2ビル店,2,B1,33,採用,,11:00-23:30,,2000~,喫煙可,06-6485-8115,https://ke7u701.gorp.jp/,大衆酒場 どんがめMAX 大阪駅前第2ビル店|どんがめMAX,https://retty.me/area/PRE27/ARE89/SUB8901/100001703574/,2026-09-23,休みは年末年始のみ。開店は11:00と11:30で情報源に差。2025-06-17から全席喫煙可
b2-B1-5bf614,大富豪,2,B1,35,採用,,12:00-22:00,,,喫煙可|立ち飲み,,https://ke97600.gorp.jp/,立呑みやきとり 大富豪 大阪駅前第2ビル店|立ち呑み やきとり 大富豪,https://retty.me/area/PRE27/ARE89/SUB8901/100001587517/,2026-09-23,月火木金土の時間。水・日は12:00-21:00。定休日の記載なし。やきとり150円〜・赤星大瓶399円
b2-B1-012c48,Bar SECOND FILL,2,B1,36-2,採用,,16:00-24:00,日,,予約可,06-4256-7222,,バー セカンドフィル,https://bar-navi.suntory.co.jp/shop/S000009816/,2026-09-23,翌月曜が祝日なら日曜は営業し月曜休み
b2-B1-6d7a03,串カツ わんさか,2,B1,36-3,採用,,12:00-22:30,月,ランチ~3000/ディナー~4000,喫煙可|予約可,06-7777-5594,,,https://www.hotpepper.jp/strJ004509247/,2026-09-23,全面喫煙可。おでん串も名物
b2-B1-5c91fb,がってん 大阪駅前第2ビル店,2,B1,39,一部,,,,,,06-6346-2456,,がってん大阪駅前第2ビル店,https://www.hotpepper.jp/strJ000720389/,2026-09-23,所在地B1F-39で一致。生ビール190円・焼き鳥70円・飲み放題398円。営業時間・定休日は見つからず
b2-B1-1da350,まきし亭本店,2,B1,41,一部,,,,ランチ~1000/ディナー2000-3000,,,http://makishitei2biruhonten.jp/,駅ビル酒場 マキシ亭 大阪駅前第二ビル本店|まきし亭 2ビル本店|マキシ亭,https://tabelog.com/osaka/A2701/A270101/27004284/dtlrvwlst/B523513243/,2026-09-23,焼き鳥が中心。営業時間・定休日は見つからず。第2ビル中央店・第3ビル店もあり
b2-B1-809843,カフェ＆スタンド エルソル,2,B1,43-1,採用,洋食,16:30-23:00,月,,,,,cafe & stand EL SOL|エルソル,https://tabelog.com/osaka/A2701/A270101/27129149/dtlmenu/,2026-09-23,火〜金・日の時間。土16:00-23:00。食べログではイタリアンなので業種を「喫茶」から直した
b2-B1-0bb6eb,大衆焼肉・ホルモン よっとこ,2,B1,45,採用,,17:00-22:30,,ディナー3000-4000,喫煙可|予約可,06-6131-9299,https://taisyuyakinikuhorumon-yottoko.owst.jp/,大衆焼肉ホルモン よっとこ 梅田店,https://www.hotpepper.jp/strJ002647116/,2026-09-23,所在地B1 45号で一致。平日の時間。土日祝12:00-22:00。定休日なし
b2-B1-6fb162,元祖Mr.鶏っく,2,B1,46,採用,,12:00-23:30,,ランチ~1000/ディナー3000-4000,,06-6743-4147,https://kejd700.gorp.jp/,元祖Mr.鶏っく 大阪駅前第二ビル本店,https://r.gnavi.co.jp/kjj9amrr0000/,2026-09-23,"不定休。平均3,500円・ランチ900円"
b2-B1-1ff95c,すし 魚貴,2,B1,47,一部,,,,,,,,魚貴すし,https://www.hotpepper.jp/strJ000448582/,2026-09-23,40年以上続く老舗。営業時間などは見つからず
b2-B1-6a5bab,TAMANE,2,B1,48-1-1,見送り,,,,,,,,,,2026-09-23,スナック情報サイト等に名前があるだけで、営業時間などは見つからず
b2-B1-d9df78,呑み処 りんご屋 パート2,2,B1,48-1-2,見送り,,,,,,,,,,2026-09-23,パート1の情報しか出てこない
b2-B1-8ff99d,555 BOUTIQUE スリーファイブ,2,B1,48-2,見送り,,,,,,,,,,2026-09-23,検索で見つからず
b2-B1-1acb11,居酒屋 味善,2,B1,48-3-1,採用,,17:30-23:00,日|祝,2000-3000,予約可,,,旨いもん居酒屋 味善|味善,https://www.hotpepper.jp/strJ003340997/,2026-09-23,月〜土
b2-B1-98f401,餃子のかっちゃん,2,B1,50,一部,,,,,深夜営業,,https://gyozanokacchanosakadainibiru.owst.jp/,餃子のかっちゃん 大阪駅前第2ビル店|食べ放題 居酒屋 餃子のかっちゃん,https://www.hotpepper.jp/strJ003784817/,2026-09-23,「深夜まで営業」とあるが時刻は不明。ランチは予約時のみ。定休日なし。餃子200円〜・ドリンク190円〜
b2-B1-c99360,立食焼肉 一穂 第2ビル店,2,B1,51-1,採用,,15:00-23:30,,2000-3000,立ち飲み|予約可,,https://kee8001.gorp.jp/,立食焼肉 一穂 第二ビル店,https://hitosara.com/0004045282/,2026-09-23,平日の時間。土・祝11:30-23:30、日11:30-22:30。不定休。立ち食いで1枚から注文できる焼肉
b2-B1-9decef,大衆呑処 サカグラ,2,B1,51-2,採用,,15:00-23:00,,2000-3000,,06-6344-4411,https://ked4000.gorp.jp/,大衆呑処 サカグラ 大阪駅前第2ビル,https://r.gnavi.co.jp/6m7m9w0x0000/,2026-09-23,平日の時間。土日祝12:00-23:00。休みは年末年始など。日本酒直売所。毎日18時までハッピーアワー
b2-B1-c6ed92,鉄板串酒場 しん家,2,B1,52,採用,,16:30-23:00,,,喫煙可,06-6341-9489,https://shinya-inc.com/shop3/,鉄板串酒場しん家|しん家,https://www.hotpepper.jp/strJ003941172/,2026-09-23,"平日の時間。土日祝15:30-23:00。定休日の記載なし。串100円〜・飲み放題コース3,000円〜"
b2-B1-097e06,梅田大衆酒場 H,2,B1,53,採用,,"11:30-15:00,16:30-23:00",,ランチ~1000/ディナー2000-3000,禁煙|カード可,,,梅田大衆酒場 H 駅前第２ビル店|梅田大衆酒場H,https://hitosara.com/0031339217/,2026-09-23,平日の時間。土日祝14:00-23:00。不定休。全席禁煙
b2-B1-61e9c5,大衆酒肴スタンド さかば。,2,B1,54,採用,,14:00-23:00,,,,06-4797-5855,https://joujou.co.jp/shop/standsakaba/,大衆酒肴 スタンドさかば。|スタンドさかば。,https://r.gnavi.co.jp/f683snwp0000/,2026-09-23,平日の時間。土日祝12:00-23:00。不定休。飲むほど安くなる「どん安」（1杯目290円→3杯目以降100円）。第3ビルにも店あり
b2-B1-2c1334,大分からあげと鉄板焼き 勝男 B1応援団,2,B1,56,採用,,16:00-23:00,,2000-3000,,,https://katsuo-web.com/shop_list/1137,大分からあげと鉄板焼 第2ビルB1応援団 勝男,https://www.hotpepper.jp/strJ003560478/,2026-09-23,月〜木の時間。金〜日・祝・祝前日13:00-23:00。不定休
b2-B1-6b7486,肴屋 あしか,2,B1,57,採用,,11:00-24:00,,ランチ~1000/ディナー2000-3000,喫煙可,,https://ashica.jp/,肴屋あしか,https://www.hotpepper.jp/strJ001006281/,2026-09-23,無休。全面喫煙可。海鮮が中心
b3-B1-48bb0c,酒場 おか長,3,B1,41,採用,,11:00-22:30,,,,,https://kaj7607.gorp.jp/,酒場 おか長 大阪駅前第3ビル B1店,https://kaj7607.gorp.jp/,2026-09-23,B1店の情報（B2-6にもおか長あり＝海鮮酒場 おか長 B2店）。月〜土の時間。日祝11:00-22:00。定休日なし。串揚げ・海鮮
b4-B2-1b022b,四川のくち,4,B2,1,採用,,12:00-23:00,,ディナー~2000,,06-6459-7069,,四川のくち スタンド酒場,https://map.yahoo.co.jp/v3/place/HirbuUXbjaU,2026-09-23,第4ビルB2。不定休。44席（カウンター6・テーブル38）。4種の麻婆豆腐。2026-08-20開店の「スタンド酒場」と同じ店か要確認
