id,店名,ビル,階,区画,業種,判定,点,出典,確認日,メモ
b1-B2-ba19d5,屯舎 喜酔,1,B2,01,居酒屋,採用,3.09,https://tabelog.com/osaka/P005977/premiseLst/izakaya/,2026-10-08,食べログでは「屯舎」(3.42) と「屯舎 喜酔」(3.09) が別の店として載っている。この店は「屯舎 喜酔」なので3.09（前回3.42を入れていたのは誤り）
b1-B2-7e4801,大衆料理・居酒屋 御影郷 ふくじゅ,1,B2,02,居酒屋,採用,3.38,https://tabelog.com/osaka/A2701/A270101/27002013/,2026-10-08,御影郷 福寿（口コミ112件）。古いページでは3.39〜3.46
b1-B2-623ff3,九州もん,1,B2,03,居酒屋,採用,3.05,https://tabelog.com/osaka/P005977/premiseLst/izakaya/,2026-10-08,第1ビルの一覧ページの値
b1-B2-cf7ad7,立ち呑み処 まる,1,B2,05,立ち飲み,採用,3.22,https://tabelog.com/osaka/A2701/A270101/27127187/,2026-10-08,ページにより3.22〜3.25（口コミ24件ほど）
b1-B2-948bc0,大衆酒場 さんま,1,B2,12,居酒屋,採用,3.24,https://tabelog.com/osaka/A2701/A270101/27157831/,2026-10-08,口コミ91〜107件
b1-B2-bcca8d,ぶたのくち スタンド酒場,1,B2,26,居酒屋,採用,3.02,https://tabelog.com/osaka/A2701/A270101/27156801/,2026-10-08,口コミ10件と少ない
b1-B2-448c7d,丸嘉酒店,1,B2,27,立ち飲み,採用,3.39,https://tabelog.com/osaka/A2701/A270101/27091746/,2026-10-08,食べログでは「白いおでん 丸喜酒店 第一ビル店」（嘉と喜の違い。公式フロア案内の誤字の可能性）。口コミ125件
b1-B2-971d4b,ひもの野郎,1,B2,28,海鮮,採用,3.41,https://tabelog.com/osaka/P005977/premiseLst/izakaya/,2026-10-08,ひもの野郎 梅田第1ビル店
b1-B2-771cc0,大衆酒場 スタンド ミルクホール,1,B2,28,居酒屋,採用,3.32,https://tabelog.com/osaka/A2701/A270101/27086754/,2026-10-08,食べログでは「掲載保留」（休業・移転・閉店の確認が取れていない）と出ているので営業中か要確認
b1-B2-cbb2dc,華神（カシン）,1,B2,28,中華,採用,3.41,https://tabelog.com/osaka/P005977/premiseLst/,2026-10-07,ビルの店舗一覧ページの検索結果で確認
b1-B2-9ddb62,呑み処 シスターブラウン,1,B2,29,居酒屋,採用,3.17,https://tabelog.com/osaka/P005977/premiseLst/RC2105/,2026-10-08,大阪梅田 シスターブラウン（口コミ39件）
b1-B2-71a900,spice32,1,B2,30,カレー,採用,3.56,https://tabelog.com/osaka/P005977/premiseLst/,2026-10-07,ビルの店舗一覧ページの検索結果で確認
b1-B2-b872ce,呑み処 大阪梅田 ブラウン,1,B2,32,居酒屋,採用,3.41,https://tabelog.com/osaka/A2701/A270101/27141056/,2026-10-08,口コミ122件。ページにより3.36〜3.42
b1-B2-8182c4,立ち飲み処 和,1,B2,33,立ち飲み,採用,3.3,https://tabelog.com/osaka/P005977/premiseLst/RC2105/,2026-10-08,口コミ74件
b1-B2-564412,幸せ立ち飲み 夢じゃら,1,B2,34,立ち飲み,見送り,,,2026-10-08,検索では同じビルの「夢ごりら」の情報しか出ず、夢じゃらの点は見つからず（別の店）
b1-B2-00d8b3,酒処 あかね,1,B2,36,居酒屋,採用,3.04,https://tabelog.com/osaka/P005977/premiseLst/izakaya/,2026-10-08,口コミ7件と少ない
b1-B2-229b86,夢ごりら,1,B2,40,居酒屋,採用,3.61,https://tabelog.com/osaka/P005977/premiseLst/RC2105/,2026-10-08,幸せ立ち呑み 夢ごりら（口コミ557件）
b1-B2-c1460e,つかさや,1,B2,42,居酒屋,要確認,,https://tabelog.com/osaka/A2701/A270101/27051405/,2026-10-08,食べログの「つかさ屋」（3.07）は口コミに大阪駅前第1ビルとあるが、最寄りが東梅田駅で「掲載保留」。同じ店か確かめられない
b1-B2-7ea94c,17時のシアワセ,1,B2,44,立ち飲み,採用,3.25,https://tabelog.com/osaka/A2701/A270101/27132917/,2026-10-08,口コミ53件。昼はうどん、夕方から立ち飲み
b1-B2-c7f093,スタンド割烹 若桜,1,B2,46,和食,採用,3.56,https://tabelog.com/osaka/P005977/premiseLst/,2026-10-07,ビルの店舗一覧ページの検索結果で確認
b1-B2-a9c0fc,らーめんやまちゃん イッちゃん,1,B2,49,ラーメン,採用,3.44,https://tabelog.com/osaka/P005977/premiseLst/,2026-10-07,ビルの店舗一覧ページの検索結果で確認
b1-B2-f069b6,銀座屋,1,B2,52,居酒屋,採用,3.49,https://tabelog.com/osaka/P005977/premiseLst/RC2105/,2026-10-08,口コミ621件
b1-B2-1685d1,お好み焼き・どろ焼き酒場 喃風,1,B2,53,お好み焼き・粉もん,採用,3.04,https://tabelog.com/osaka/P005977/premiseLst/RC2105/,2026-10-08,喃風どろ焼酒場 大阪駅前第一ビル店（口コミ22件）
b1-B2-fd59a9,大衆酒場 酒房 吉豊,1,B2,53,居酒屋,採用,3.23,https://tabelog.com/osaka/A2701/A270101/27031530/,2026-10-08,食べログでは「吉豊」（口コミ56件）
b1-B2-85e20b,徳田酒店,1,B2,61,立ち飲み,採用,3.22,https://tabelog.com/osaka/P005977/premiseLst/RC2105/,2026-10-08,徳田酒店 西梅田店（口コミ181件）
b1-B2-2afad0,酒菜や いしもん 西対（にしのつい）,1,B2,62,居酒屋,要確認,,https://tabelog.com/osaka/A2701/A270101/27093689/,2026-10-08,食べログでは「【閉店】いしもん 西対」と出ている（閉店前は3.56）。公式フロア案内には載っているので、今も営業しているか現地で確認が要る
b1-B2-20d84a,立呑パーラー 西澤商店,1,B2,68,立ち飲み,採用,3.34,https://tabelog.com/osaka/P005977/premiseLst/RC2105/,2026-10-08,口コミ83件
b1-B2-822fa9,大衆酒場 マルリキ,1,B2,69,居酒屋,採用,3.24,https://tabelog.com/osaka/A2701/A270101/27106887/,2026-10-08,口コミ34件
b1-B2-fb643a,酒菜や いしもん 対屋,1,B2,72,居酒屋,採用,3.44,https://tabelog.com/osaka/A2701/A270101/27084887/,2026-10-08,口コミ169件。ページにより3.43〜3.47
b1-B2-bcab12,立ち飲み 庶民,1,B2,73,立ち飲み,採用,3.38,https://tabelog.com/osaka/P005977/premiseLst/RC2105/,2026-10-08,立ち呑み 庶民 大阪駅前第1ビル店（口コミ147件）
b1-B2-df1477,愉快酒場,1,B2,78,居酒屋,要確認,,https://tabelog.com/osaka/A2701/A270101/27015687/,2026-10-08,情報源で3.24と3.09に分かれる（口コミ117件の表示は3.09）ので入れていない
b1-B2-2e93bf,酒菜や いしもん,1,B2,79,居酒屋,採用,3.59,https://tabelog.com/osaka/P005977/premiseLst/,2026-10-07,ビルの店舗一覧ページの検索結果で確認
b1-B2-9c5bc8,インド料理 ミラ,1,B2,83,カレー,採用,3.45,https://tabelog.com/osaka/P005977/premiseLst/,2026-10-07,ビルの店舗一覧ページの検索結果で確認
b1-B2-16ae5e,立ち飲みワイン 立ちぶどう千本,1,B2,84,立ち飲み,採用,3.38,https://tabelog.com/en/osaka/A2701/A270101/27058984/,2026-10-08,口コミ218件。古いページでは3.39〜3.51
b1-B1-55cde7,今井きしょう,1,B1,03,居酒屋,採用,3.26,https://tabelog.com/osaka/P005977/premiseLst/izakaya/,2026-10-08,
b1-B1-4df316,サカバ第1,1,B1,08,居酒屋,見送り,,,2026-10-08,食べログのページが見つからず
b1-B1-c316af,Indian Restaurant Khajuraho,1,B1,11,カレー,採用,3.27,https://tabelog.com/osaka/P005977/premiseLst/izakaya/,2026-10-08,カジュラホ
b1-B1-bf0348,良心的大衆酒場 鶴亀八番,1,B1,14,居酒屋,見送り,,,2026-10-08,2026年7月開店の新しい店で、食べログの点はまだ見つからず
b1-B1-c3ca6c,どんがめ,1,B1,16,居酒屋,採用,3.25,https://tabelog.com/osaka/A2701/A270101/27145970/,2026-10-08,口コミ39件。ページにより3.21〜3.25
b1-B1-06843d,萬願亭,1,B1,31,居酒屋,採用,3.36,https://tabelog.com/osaka/A2701/A270101/27042952/,2026-10-08,口コミ90件
b1-B1-653c51,北野,1,B1,33,居酒屋,採用,3.3,https://tabelog.com/osaka/A2701/A270101/27045577/,2026-10-08,口コミ125件の表示で3.30〜3.31（古いページは3.21〜3.27）
b1-B1-cfe7a7,スタンドカレー ワタナベ,1,B1,34,カレー,採用,3.47,https://tabelog.com/osaka/P005977/premiseLst/,2026-10-07,ビルの店舗一覧ページの検索結果で確認
b1-B1-20bd5a,喫茶 マヅラ,1,B1,41,喫茶,採用,3.59,https://tabelog.com/osaka/P005977/premiseLst/,2026-10-07,ビルの店舗一覧ページの検索結果で確認
b1-B1-c881fe,賢人ーかしこびとー,1,B1,46,居酒屋,採用,3.12,https://tabelog.com/osaka/A2701/A270101/27091411/,2026-10-08,ページにより3.08〜3.12。日本酒バー
b1-B1-2313e2,北北新地,1,B1,50,居酒屋,見送り,,,2026-10-08,食べログのページが見つからず
b2-B2-742139,半立ちダイニングバー MIYA,2,B2,7-2,バー,採用,3.09,https://tabelog.com/osaka/P012766/premiseLst/RC2105/,2026-10-08,
b2-B2-3beb28,立ち呑み みねこ,2,B2,11,立ち飲み,要確認,,https://tabelog.com/osaka/P012766/premiseLst/RC2105/,2026-10-08,ページにより3.35〜3.41と幅が大きいので入れていない
b2-B2-29e446,立呑み 梅田 パープル,2,B2,19-1-2,立ち飲み,見送り,,,2026-10-08,2025年4月開店。食べログの点は見つからず
b2-B2-a63f03,つけ麺 紋次郎,2,B2,19-2,ラーメン,採用,3.49,https://tabelog.com/osaka/P012766/premiseLst/,2026-10-07,ビルの店舗一覧ページの検索結果で確認
b2-B2-5150d8,ジョニーのからあげ 大阪駅前第2ビル店,2,B2,20-1,居酒屋,採用,3.1,https://tabelog.com/osaka/A2701/A270101/27114109/,2026-10-08,食べログでは「ジョニーのからあげ 大阪駅ビル店」（口コミ94〜114件）
b2-B2-fc13da,天神大ホール 第2ビル店,2,B2,22,居酒屋,採用,3.45,https://tabelog.com/en/osaka/A2701/A270101/27124348/table/,2026-10-08,口コミ192件の表示で3.45（172件の表示は3.46）
b2-B2-caeb3f,立呑み処 七津屋,2,B2,23-1,立ち飲み,採用,3.25,https://tabelog.com/osaka/P012766/premiseLst/RC2105/,2026-10-08,ページにより3.22〜3.25（口コミ177件）
b2-B2-0bb3d4,熊本馬刺鶏料理の遊食家 アズバード,2,B2,25-2,居酒屋,採用,3.18,https://tabelog.com/osaka/A2701/A270101/27136715/,2026-10-08,口コミ27件。肥後橋の江戸堀別館は別店
b2-B2-e40538,豚々亭,2,B2,26,居酒屋,採用,3.49,https://tabelog.com/en/osaka/A2701/A270101/27004722/,2026-10-08,口コミ864件。トンテキ定食の店
b2-B2-59a44f,2ビルのいしもん,2,B2,27-1,居酒屋,採用,3.61,https://tabelog.com/osaka/A2701/A270101/27146987/,2026-10-08,口コミ177件。第1ビルのいしもんの系列
b2-B2-6f1cf3,にしき,2,B2,28-2,そば・うどん,採用,3.57,https://tabelog.com/osaka/P012766/premiseLst/,2026-10-07,ビルの店舗一覧ページの検索結果で確認
b2-B2-66ff77,WCB UMEDA1,2,B2,32-2,バー,採用,3.19,https://tabelog.com/osaka/P012766/premiseLst/RC2105/,2026-10-08,ページにより3.17〜3.21
b2-B2-f4ac4f,お立呑み処 たよし 大阪駅前第2ビル店,2,B2,33,立ち飲み,採用,3.44,https://tabelog.com/osaka/A2701/A270101/27015794/,2026-10-08,食べログでは「たよし 大阪駅前第二ビル店」（口コミ197〜293件）
b2-B2-1a7a7b,大衆居酒屋 黒たぬき,2,B2,35-1,居酒屋,採用,3.38,https://tabelog.com/osaka/A2701/A270101/27143379/,2026-10-08,口コミ129件。同じビルのB1店（3.08）は別の店
b2-B2-cdb811,大阪駅前第2ビルB2 応援団 勝男,2,B2,37,居酒屋,採用,3.31,https://tabelog.com/en/osaka/A2701/A270101/27142928/dtlrvwlst/,2026-10-08,口コミ54件（42件の表示は3.28）。同じビルのB1応援団（3.04）は別店
b2-B2-9306df,立ち呑み まさ 梅田店,2,B2,41,立ち飲み,採用,3.44,https://tabelog.com/osaka/A2701/A270101/27128400/,2026-10-08,食べログでは「海鮮寿司 まさ（旧店名 立ち呑み まさ）」。住所表記のB2-41で一致。ページにより3.42〜3.45
b2-B2-b45b34,居食や きんやま,2,B2,43,居酒屋,採用,3.15,https://tabelog.com/osaka/A2701/A270101/27062406/,2026-10-08,食べログでは「きんやま」（口コミ112件、2025年2月時点の表示）
b2-B2-a0b846,居酒屋 柚,2,B2,45,居酒屋,採用,3.43,https://tabelog.com/osaka/A2701/A270101/27014731/,2026-10-08,口コミ92〜105件
b2-B2-1ee79f,居酒屋 平田,2,B2,47-2,居酒屋,採用,3.25,https://tabelog.com/osaka/A2701/A270101/27085324/,2026-10-08,口コミ24件
b2-B2-00c070,タチノミエイト 第2ビル店,2,B2,48-2,立ち飲み,採用,3.39,https://tabelog.com/osaka/P012766/premiseLst/RC2105/,2026-10-08,ページにより3.38〜3.40
b2-B2-bb727d,大衆居酒屋 よっとこ,2,B2,49,居酒屋,採用,3.09,https://tabelog.com/osaka/A2701/A270101/27121897/,2026-10-08,口コミ93件ほど。B1の「大衆串カツ よっとこ」は別店
b2-B2-d1d621,オットモンテ,2,B2,50-2,洋食,採用,3.54,https://tabelog.com/osaka/P012766/premiseLst/,2026-10-07,ビルの店舗一覧ページの検索結果で確認
b2-B2-495969,ちゃんこ居酒屋 太一山,2,B2,51-2,居酒屋,採用,3.1,https://tabelog.com/osaka/P012766/premiseLst/izakaya/2/,2026-10-08,口コミ23件
b2-B2-1c3b77,ドリンクステーション 2ビルB2東店,2,B2,52-2,立ち飲み,見送り,,,2026-10-08,食べログのページが見つからず
b2-B2-40e39f,喫茶 ジャマイカ,2,B2,54,喫茶,採用,3.29,https://tabelog.com/osaka/P012766/premiseLst/,2026-10-07,ビルの店舗一覧ページの検索結果で確認
b2-B2-d6ae2b,SAKE and FOOD ボクのスタンド,2,B2,59,立ち飲み,採用,3.48,https://tabelog.com/matome/27333/,2026-10-08,ボクのスタンド 梅田店（口コミ264件）。まとめ記事の数値で2年ほど前のものなので古い可能性あり
b2-B2-36b183,至極の麺 華,2,B2,61-2,ラーメン,採用,3.48,https://tabelog.com/osaka/P012766/premiseLst/,2026-10-07,ビルの店舗一覧ページの検索結果で確認
b2-B2-df38d4,立ち呑み 庶民,2,B2,67-1,立ち飲み,採用,3.42,https://tabelog.com/osaka/P012766/premiseLst/,2026-10-07,ビルの店舗一覧ページの検索結果で確認
b2-B2-b2bb7e,焼鳥スタンドつくも99,2,B2,,焼鳥,採用,3.32,https://tabelog.com/osaka/P012766/premiseLst/izakaya/2/,2026-10-08,焼鳥スタンドつくも（口コミ59件）
b2-B1-fe54ac,肉食系酒場 片岡肉じろう,2,B1,3-2,居酒屋,採用,3.31,https://tabelog.com/osaka/P012766/premiseLst/,2026-10-07,ビルの店舗一覧ページの検索結果で確認
b2-B1-446b08,大衆酒場 台所や はなれ,2,B1,4,居酒屋,採用,3.21,https://tabelog.com/osaka/A2701/A270101/27124658/,2026-10-08,口コミ37件。同じビルの「台所や」（3.41）は別店
b2-B1-7d852b,ちかごろのカレー屋さん カナエ,2,B1,6-1,カレー,採用,3.39,https://tabelog.com/osaka/P012766/premiseLst/,2026-10-07,ビルの店舗一覧ページの検索結果で確認
b2-B1-81db1f,ひねり蛇口ハイ 大衆酒泉 テルマエ 大阪駅前第2ビル店,2,B1,8-2,居酒屋,採用,3.09,https://tabelog.com/osaka/A2701/A270101/27137912/,2026-10-08,ページにより3.08〜3.09（口コミ141〜186件）
b2-B1-6a7b55,立呑屋 楠木フサヱ 本店,2,B1,12-2,立ち飲み,採用,3.35,https://tabelog.com/osaka/P012766/premiseLst/izakaya/2/,2026-10-08,和食と日本酒 楠木フサエ 本店 大阪駅前第2ビル店（口コミ103件）
b2-B1-965fa4,大衆酒場 台所や,2,B1,13,居酒屋,採用,3.41,https://tabelog.com/osaka/P012766/premiseLst/izakaya/2/,2026-10-08,食べログの「台所や」（口コミ197件）。はなれは別の掲載
b2-B1-b9519b,楠木フサヱ はなれ,2,B1,14-1,立ち飲み,採用,3.38,https://tabelog.com/osaka/P012766/premiseLst/,2026-10-07,ビルの店舗一覧ページの検索結果で確認
b2-B1-59f96a,大衆居酒屋黒たぬき大阪駅前第2ビルB1店,2,B1,15,居酒屋,採用,3.08,https://tabelog.com/osaka/A2701/A270101/27143379/,2026-10-08,食べログの「大衆居酒屋黒たぬき B1店」。B2の黒たぬき（3.38）とは別店
b2-B1-3e56ff,まじめや,2,B1,21-1,居酒屋,採用,3.44,https://tabelog.com/osaka/A2701/A270101/27119576/,2026-10-08,食べログでは「大衆屋台酒場 まじめや 大阪駅前第2ビル店」（口コミ201件）
b2-B1-7073b9,立呑処 しげ家,2,B1,28,立ち飲み,採用,3.07,https://tabelog.com/osaka/A2701/A270101/27046750/,2026-10-08,口コミ10件と少ない
b2-B1-92dccc,呑み処 りんご屋 パート1,2,B1,31-2,居酒屋,見送り,,https://tabelog.com/osaka/A2701/A270101/27147284/,2026-10-08,食べログは掲載保留で点数が出ていない。第1ビルのりんご屋 西梅田店（3.07）は別店
b2-B1-224abf,大衆酒場 どんがめ,2,B1,32,居酒屋,採用,3.2,https://tabelog.com/osaka/A2701/A270101/27114213/,2026-10-08,口コミ287件の表示で3.20（古い口コミ67件の表示は3.30）
b2-B1-802430,どんがめ まっくす 大阪駅前第2ビル店,2,B1,33,居酒屋,採用,3.03,https://tabelog.com/en/osaka/A2701/A270101/27132799/,2026-10-08,口コミ8件と少ない。同じビルの「どんがめ」（3.20）とは別の掲載
b2-B1-5bf614,大富豪,2,B1,35,居酒屋,採用,3.46,https://tabelog.com/osaka/P012766/premiseLst/,2026-10-07,ビルの店舗一覧ページの検索結果で確認
b2-B1-5c91fb,がってん 大阪駅前第2ビル店,2,B1,39,居酒屋,要確認,,https://tabelog.com/osaka/A2701/A270101/27045591/,2026-10-08,食べログに「がってん 大阪駅前第２ビル店」（3.07、口コミ33件）と「飲み喰い処 がってん」（3.17、口コミ66件）の2ページがあり、どちらがこの店か（同じ店の重複か）分からない
b2-B1-1da350,まきし亭本店,2,B1,41,居酒屋,採用,3.18,https://tabelog.com/osaka/P012766/premiseLst/izakaya/2/,2026-10-08,駅ビル酒場 マキシ亭 大阪駅前第二ビル本店。口コミ109件の表示で3.18（101件の表示は3.10）
b2-B1-6a5bab,TAMANE,2,B1,48-1-1,居酒屋,採用,3.08,https://tabelog.com/en/osaka/A2701/A270101/27086973/,2026-10-08,口コミ12件と少ない。カラオケバー
b2-B1-d9df78,呑み処 りんご屋 パート2,2,B1,48-1-2,居酒屋,見送り,,,2026-10-08,食べログのページが見つからず（パート1は掲載保留）
b2-B1-1acb11,居酒屋 味善,2,B1,48-3-1,居酒屋,採用,3.08,https://tabelog.com/en/osaka/A2701/A270101/27048100/,2026-10-08,食べログでは「味善」（口コミ18件）
b2-B1-9decef,大衆呑処 サカグラ,2,B1,51-2,立ち飲み,採用,3.38,https://tabelog.com/osaka/P012766/premiseLst/RC2105/,2026-10-08,口コミ116件
b2-B1-c6ed92,鉄板串酒場 しん家,2,B1,52,居酒屋,採用,3.38,https://tabelog.com/en/osaka/A2701/A270101/27073950/,2026-10-08,住所表記のB1F 52号で一致。口コミ130〜150件。第4ビルの「たこ焼酒場しん家」は別店
b2-B1-097e06,梅田大衆酒場 H,2,B1,53,居酒屋,採用,3.3,https://tabelog.com/osaka/P012766/premiseLst/izakaya/2/,2026-10-08,梅田大衆酒場 H 駅前第２ビル店（口コミ134件）
b2-B1-61e9c5,大衆酒肴スタンド さかば。,2,B1,54,立ち飲み,採用,3.45,https://tabelog.com/osaka/A2701/A270101/27119653/,2026-10-08,口コミ198件。さしすの系列
b2-B1-2c1334,大分からあげと鉄板焼き 勝男 B1応援団,2,B1,56,居酒屋,採用,3.04,https://tabelog.com/en/osaka/A2701/A270101/27136745/,2026-10-08,口コミ35件。B2応援団（3.31）とは別店
b2-B1-6b7486,肴屋 あしか,2,B1,57,居酒屋,採用,3.34,https://tabelog.com/en/osaka/A2701/A270101/27057595/,2026-10-08,口コミ112〜116件の表示で3.34（古い表示は3.36〜3.42）
b2-B1-0c3c86,おでんとお蕎麦 居酒屋 じんべえ,2,B1,60,居酒屋,採用,3.43,https://tabelog.com/en/osaka/A2701/A270101/27137373/,2026-10-08,口コミ215件の表示で3.43（167件の表示は3.44）。第3ビルのじんべえ（3.49）は別店
b3-B2-48bb0c,酒場 おか長,3,B2,6,居酒屋,採用,3.34,https://tabelog.com/en/osaka/A2701/A270101/27090641/,2026-10-08,食べログでは「酒場 おか長 大阪駅前第3ビルB2店」（口コミ262件）。B1店は別店
b3-B2-97e466,珈琲店スパニョラ,3,B2,7,喫茶,採用,3.57,https://tabelog.com/osaka/P002055/premiseLst/,2026-10-07,ビルの店舗一覧ページの検索結果で確認
b3-B2-794dc3,うる寅商店,3,B2,11,居酒屋,見送り,,https://tabelog.com/osaka/A2701/A270101/27159613/,2026-10-08,食べログでは「元祖焼豚センター うる寅商店」（ラーメン）。2026年9月25日開店で点数はまだ出ていない
b3-B2-bcab12,立ち飲み 庶民,3,B2,17-1,立ち飲み,採用,3.43,https://tabelog.com/osaka/P002055/premiseLst/,2026-10-07,ビルの店舗一覧ページの検索結果で確認
b3-B2-32cff7,立ち呑みのくち,3,B2,19,立ち飲み,見送り,,,2026-10-08,食べログのページが見つからず
b3-B2-9b71f5,らぁ麺もう利,3,B2,20,ラーメン,採用,3.57,https://tabelog.com/osaka/P002055/premiseLst/,2026-10-07,ビルの店舗一覧ページの検索結果で確認
b3-B2-160a82,立呑み 焼きスパ ローマ軒,3,B2,21-1,立ち飲み,採用,3.24,https://tabelog.com/osaka/A2701/A270101/27088404/,2026-10-08,食べログでは「ローマ軒 大阪駅前第3ビル店」（口コミ416件）。同じ住所の「ローマ軒エビス」は別の掲載
b3-B2-f1b6f0,おでん ばる,3,B2,23-1,居酒屋,採用,3.35,https://tabelog.com/osaka/P002055/premiseLst/RC0108/,2026-10-08,口コミ118件
b3-B2-d441e0,大衆酒場 フレンチマン,3,B2,26,居酒屋,採用,3.49,https://tabelog.com/en/osaka/A2701/A270101/27126809/,2026-10-08,口コミ638件の表示で3.49（一覧では3.51、古い表示は3.38）。第4ビルの店とは別
b3-B2-fe179a,名物どてカツ どて煮込み 酒場おちょぼ,3,B2,32,居酒屋,採用,3.44,https://tabelog.com/osaka/P002055/premiseLst/izakaya/,2026-10-08,酒場 おちょぼ（口コミ295件）
b3-B2-893554,梅田くだん,3,B2,33,居酒屋,採用,3.17,https://tabelog.com/osaka/A2701/A270101/27073269/,2026-10-08,食べログでは「ウメダ クダン」（口コミ69〜72件）
b3-B2-e44907,天ぷらとワイン大塩,3,B2,36-1,和食,採用,3.48,https://tabelog.com/osaka/P002055/premiseLst/,2026-10-07,ビルの店舗一覧ページの検索結果で確認
b3-B2-a288b9,第3ビルタイガー,3,B2,38,居酒屋,採用,3.39,https://tabelog.com/osaka/A2701/A270101/27144938/,2026-10-08,食べログでは「大衆酒場 第3ビルB2タイガー」（口コミ245件。古い表示は3.34〜3.35）
b3-B2-f278e4,大衆酒場 スタンド マルカツ,3,B2,39,居酒屋,採用,3.42,https://tabelog.com/en/osaka/A2701/A270101/27118888/,2026-10-08,口コミ263〜267件
b3-B2-59b6c1,居酒屋 にゆう・とうきよう,3,B2,40,居酒屋,採用,3.4,https://tabelog.com/en/osaka/A2701/A270101/27094839/,2026-10-08,口コミ126件（旧店名 鉄板焼き とん）
b3-B2-91917f,海鮮一番,3,B2,41,海鮮,採用,3.37,https://tabelog.com/osaka/P002055/premiseLst/izakaya/,2026-10-08,
b3-B2-7607bc,寿司屋 のだ,3,B2,43-1,寿司,採用,3.48,https://tabelog.com/osaka/P002055/premiseLst/,2026-10-07,ビルの店舗一覧ページの検索結果で確認
b3-B2-21cecc,炭火焼鳥 鶏えん,3,B2,46,焼鳥,採用,3.49,https://tabelog.com/osaka/P002055/premiseLst/,2026-10-07,ビルの店舗一覧ページの検索結果で確認
b3-B2-0de55a,オハコミート,3,B2,48,居酒屋,採用,3.2,https://tabelog.com/en/osaka/A2701/A270101/27151488/,2026-10-08,口コミ16件と少ない（2025年8月開店）
b3-B2-50bbc3,大分からあげと鉄板焼き 勝男B2応援団,3,B2,56-2,居酒屋,採用,3.04,https://tabelog.com/en/osaka/A2701/A270101/27143705/,2026-10-08,口コミ4件と少ないので目安。第3ビルB1応援団とは別店
b3-B2-93506f,酒蔵 呑,3,B2,63,居酒屋,要確認,,https://tabelog.com/osaka/A2701/A270101/27018084/,2026-10-08,ページにより3.29〜3.36と幅があり、どれが新しいか決められない
b3-B2-4a1788,徳田酒店 第3ビルB2店,3,B2,72,立ち飲み,採用,3.2,https://tabelog.com/osaka/P002055/premiseLst/RC2105/,2026-10-08,口コミ129件
b3-B2-17b3d2,琉球,3,B2,87,居酒屋,採用,3.43,https://tabelog.com/en/osaka/A2701/A270101/27011655/,2026-10-08,食べログでは「島唄ライブ 琉球」（口コミ252件。古い表示は3.45〜3.52）
b3-B2-49449b,酒と宴H（昆布料理）,3,B2,92,居酒屋,見送り,,,2026-10-08,食べログのページが見つからず
b3-B2-548b9a,梅田きのこ,3,B2,101,居酒屋,見送り,,,2026-10-08,前回の調査でも店名で見つからず
b3-B1-640f11,ワインとオマール海老の店 UOMO,3,B1,14,洋食,採用,3.44,https://tabelog.com/osaka/P002055/premiseLst/izakaya/,2026-10-08,
b3-B1-940247,花こよみ,3,B1,17,居酒屋,見送り,,,2026-10-08,食べログのページが見つからず（口コミ内に「食べログ3.19」と書いた2022年の投稿があるだけ）
b3-B1-c24e3b,鉄板のくち,3,B1,18,居酒屋,見送り,,,2026-10-08,前回の調査でも店名で見つからず
b3-B1-0b5ff3,活魚専門 隆勢丸,3,B1,20-1,海鮮,採用,3.43,https://tabelog.com/osaka/P002055/premiseLst/izakaya/,2026-10-08,口コミ192件
b3-B1-885864,スタンド 1969,3,B1,20-2,立ち飲み,見送り,,,2026-10-08,前回の調査でも店名で見つからず
b3-B1-a0cbb8,どんがめ 大阪駅前第三ビル,3,B1,21,居酒屋,採用,3.17,https://tabelog.com/en/osaka/A2701/A270101/27127717/,2026-10-08,大衆酒場 どんがめ 大阪駅前第3ビル店（口コミ121件）
b3-B1-149b31,呑処 はせがわ,3,B1,23,居酒屋,採用,3.27,https://tabelog.com/en/osaka/A2701/A270101/27107222/dtlmenu/,2026-10-08,口コミ74件の表示で3.27（ページにより3.22〜3.27）。通路向かいの「はせがわ はなれ」（3.36）は別店
b3-B1-327892,大分からあげと鉄板焼 勝男,3,B1,24,居酒屋,採用,3.06,https://tabelog.com/osaka/A2701/A270101/27122494/,2026-10-08,口コミ48〜50件
b3-B1-d1d6d2,大衆食堂 うめだホール,3,B1,25,居酒屋,採用,3.4,https://tabelog.com/osaka/P002055/premiseLst/izakaya/,2026-10-08,
b3-B1-7ea9ba,マキシ亭,3,B1,26,居酒屋,採用,3.35,https://tabelog.com/osaka/A2701/A270101/27084567/,2026-10-08,食べログでは「マキシ亭 大阪駅前第三ビル」（口コミ193〜220件）
b3-B1-85e20b,徳田酒店,3,B1,27,立ち飲み,採用,3.35,https://tabelog.com/osaka/P002055/premiseLst/RC2105/,2026-10-08,徳田酒店 第3ビルB1店
b3-B1-613d14,大衆酒場 天神大ホール,3,B1,32-1,居酒屋,採用,3.39,https://tabelog.com/osaka/P002055/premiseLst/RC21/,2026-10-08,口コミ81件（英語版の古い表示は3.37）
b3-B1-5370ed,海藤花,3,B1,32-2,居酒屋,採用,3.16,https://tabelog.com/en/osaka/A2701/A270101/27070785/,2026-10-08,食べログでは「海藤花 2号店」（第3ビルB1、口コミ63件）。古い表示は3.30
b3-B1-e81356,ジャポニカ,3,B1,34-1,居酒屋,採用,3.44,https://tabelog.com/osaka/P002055/premiseLst/,2026-10-07,ビルの店舗一覧ページの検索結果で確認
b3-B1-cc2cc0,囲炉裏屋 炭えん,3,B1,37,焼鳥,採用,3.43,https://tabelog.com/osaka/P002055/premiseLst/izakaya/,2026-10-08,ページにより3.43〜3.44
b3-B1-443968,居酒屋1969,3,B1,39,居酒屋,要確認,,,2026-10-08,同じB1に「1969」の店が複数あり区別できない
b3-B1-48bb0c,酒場 おか長,3,B1,41,居酒屋,採用,3.18,https://tabelog.com/osaka/A2701/A270101/27114670/,2026-10-08,食べログの「酒場 おか長 大阪駅前第3ビル B1店」。口コミ8件と少なく、口コミページ内の表示なので目安
b3-B1-a68b83,1969,3,B1,45,居酒屋,要確認,,,2026-10-08,同じB1に「1969」の店が複数あり区別できない
b3-B1-85ceef,赤酢 謹賀,3,B1,47,寿司,採用,3.48,https://tabelog.com/osaka/P002055/premiseLst/,2026-10-07,ビルの店舗一覧ページの検索結果で確認
b3-B1-ea59cc,花狩人・かとう,3,B1,48,居酒屋,要確認,,https://tabelog.com/osaka/A2701/A270101/27000234/,2026-10-08,ページにより3.28〜3.34と幅があり、どれが新しいか決められない
b3-B1-5d9577,梅田産直市場,3,B1,50,海鮮,採用,3.38,https://tabelog.com/osaka/P002055/premiseLst/izakaya/,2026-10-08,ページにより3.37〜3.38
b3-B1-206694,おでんと鴨蕎麦 居酒屋じんべえ,3,B1,51,居酒屋,採用,3.49,https://tabelog.com/osaka/P002055/premiseLst/,2026-10-07,ビルの店舗一覧ページの検索結果で確認
b3-B1-d15d2f,麦酒＆洋食スタンド グリル異人館,3,B1,52-2,洋食,採用,3.49,https://tabelog.com/osaka/P002055/premiseLst/,2026-10-07,ビルの店舗一覧ページの検索結果で確認
b3-B1-cf184b,楠木フサヱ おもや,3,B1,53,立ち飲み,採用,3.43,https://tabelog.com/osaka/P002055/premiseLst/,2026-10-07,ビルの店舗一覧ページの検索結果で確認
b3-B1-f229f3,日本酒 かんき,3,B1,54,居酒屋,採用,3.32,https://tabelog.com/osaka/P002055/premiseLst/izakaya/,2026-10-08,第3ビルの居酒屋一覧ページの値（口コミ139件ほど）
b3-B1-d1b9cb,立呑み 晩杯屋 第3ビル,3,B1,55,立ち飲み,採用,3.16,https://tabelog.com/osaka/A2701/A270101/27133479/,2026-10-08,口コミ240件。第4ビルの晩杯屋は別店
b3-B1-6c85d2,串かつでんがな,3,B1,56,串カツ,要確認,,https://tabelog.com/osaka/P002055/premiseLst/izakaya/,2026-10-08,食べログでは3.05〜3.08。第3ビルに1号店・2号店があり、どちらの点か区別できない
b3-B1-bd4468,大大阪,3,B1,58,居酒屋,見送り,,,2026-10-08,2025年5月開店。食べログの点は見つからず
b3-B1-a482a1,最鳥 第3ビルB1店,3,B1,61-1,居酒屋,採用,3.14,https://tabelog.com/en/osaka/A2701/A270101/27140752/,2026-10-08,口コミ78件（古い表示は3.24〜3.25）
b3-B1-dac1ca,大衆酒場びりちゃん2,3,B1,61-2,居酒屋,要確認,,https://tabelog.com/osaka/P002055/premiseLst/izakaya/,2026-10-08,食べログの「大衆酒場びりちゃん」は3.41。うちの店は「びりちゃん2」で、同じ店か別の店か区別できない
b3-B1-e00f1b,大衆酒場 五の五,3,B1,65,居酒屋,採用,3.39,https://tabelog.com/osaka/A2701/A270101/27135359/,2026-10-08,口コミ139件（78件の表示は3.29）
b3-B1-7a37fb,徳田酒店 御肉,3,B1,66,立ち飲み,採用,3.14,https://tabelog.com/osaka/A2701/A270101/27084597/,2026-10-08,口コミ106件（93件の表示は3.17）
b3-B1-334180,堂山食堂,3,B1,67,居酒屋,見送り,,,2026-10-08,食べログのページが見つからず
b3-B1-569338,すし酒場 さしす,3,B1,69,寿司,採用,3.43,https://tabelog.com/osaka/P002055/premiseLst/izakaya/,2026-10-08,すし酒場 さしす（B1の本店）。B2の立ち飲みの店とは別
b3-B1-76147c,立ち呑み いなせや,3,B1,74-2,立ち飲み,採用,3.45,https://tabelog.com/en/osaka/A2701/A270101/27137386/,2026-10-08,口コミ176〜177件
b4-B2-9d6913,徳田酒店第4ビルB2店,4,B2,7,立ち飲み,採用,3.29,https://tabelog.com/osaka/A2701/A270101/27094278/,2026-10-08,口コミ192件（ページにより3.28〜3.29）
b4-B2-fc74c8,欧風軒,4,B2,10,洋食,採用,3.5,https://tabelog.com/osaka/P006797/premiseLst/,2026-10-07,ビルの店舗一覧ページの検索結果で確認
b4-B2-a85f01,大衆酒場フレンチマン 第4ビル店,4,B2,12,居酒屋,採用,3.45,https://tabelog.com/osaka/A2701/A270101/27135864/dtlratings/,2026-10-08,口コミ202件（2026年2月集計）。第3ビルの店とは別
b4-B2-f90d3d,マルリキ,4,B2,22,居酒屋,採用,3.14,https://tabelog.com/osaka/P006797/premiseLst/izakaya/,2026-10-08,大衆酒場マルリキ 第4ビル店（口コミ57件）
b4-B2-571657,スワンナプームタイ,4,B2,24,その他,採用,3.48,https://tabelog.com/osaka/P006797/premiseLst/,2026-10-07,ビルの店舗一覧ページの検索結果で確認
b4-B2-a95c97,立呑み処七津屋（はなれ）,4,B2,29,立ち飲み,採用,3.09,https://tabelog.com/osaka/A2701/A270101/27147497/,2026-10-08,食べログでは「立呑み処 七津屋 七津屋第4ビルＢ2店」（口コミ24件）。B1の七津屋（3.27）は別店
b4-B2-0ed32f,勝男,4,B2,40,居酒屋,採用,3.11,https://tabelog.com/osaka/A2701/A270101/27154677/,2026-10-08,口コミ10件と少ない（2026年2月開店）
b4-B2-258e2f,大衆酒場 第4ビルB2 タイガー,4,B2,47,居酒屋,採用,3.18,https://tabelog.com/osaka/A2701/A270101/27152046/,2026-10-08,口コミ31件（2025年10月開店）
b4-B2-35d406,おさかな屋オカピ,4,B2,70,海鮮,採用,3.42,https://tabelog.com/osaka/P006797/premiseLst/,2026-10-07,ビルの店舗一覧ページの検索結果で確認
b4-B2-971d4b,ひもの野郎,4,B2,72,海鮮,採用,3.48,https://tabelog.com/osaka/P006797/premiseLst/,2026-10-07,ビルの店舗一覧ページの検索結果で確認
b4-B1-7af9ed,玉椿,4,B1,8,居酒屋,見送り,,https://tabelog.com/en/osaka/A2701/A270101/27143769/,2026-10-08,食べログのページはあるが点数が見つからず
b4-B1-a84a19,JOUJOUセントラル,4,B1,12-1,居酒屋,見送り,,,2026-10-08,前回の調査でも店名で見つからず
b4-B1-887502,酒飲みよ大志を抱け,4,B1,20-1,居酒屋,見送り,,,2026-10-08,食べログ・他サイトとも検索で見つからず
b4-B1-cd9022,アジアンバルフロッグス,4,B1,22,その他,採用,3.45,https://tabelog.com/osaka/P006797/premiseLst/,2026-10-07,ビルの店舗一覧ページの検索結果で確認
b4-B1-b44eab,大衆酒場 あかマル,4,B1,27,居酒屋,見送り,,,2026-10-08,見つからず（アカマル屋チェーンとは別と思われる）
b4-B1-caeb3f,立呑み処 七津屋,4,B1,28,立ち飲み,採用,3.27,https://tabelog.com/osaka/P006797/premiseLst/RC2105/,2026-10-08,七津屋 大阪駅前第4ビル店（B1）。ページにより3.27〜3.28
b4-B1-e6e688,JOUJOU,4,B1,29,居酒屋,見送り,,,2026-10-08,前回の調査でも店名で見つからず
b4-B1-1767ae,鶴亀八番,4,B1,31,居酒屋,採用,3.04,https://tabelog.com/osaka/A2701/A270101/27158764/,2026-10-08,良心的大衆酒場 鶴亀八番 大阪駅前第4ビル店（口コミ10件と少ない）
b4-B1-d8669f,きたがわ,4,B1,33-1,居酒屋,見送り,,,2026-10-08,見つからず
b4-B1-e1bb84,皆様酒場 昭和ゴールデン,4,B1,34,居酒屋,採用,3.42,https://tabelog.com/osaka/P006797/premiseLst/,2026-10-07,ビルの店舗一覧ページの検索結果で確認
b4-B1-b93aab,オステリアガウダンテ,4,B1,39,洋食,採用,3.49,https://tabelog.com/osaka/P006797/premiseLst/,2026-10-07,ビルの店舗一覧ページの検索結果で確認
b4-B1-8b3076,酒場リベリーニギる／大衆食堂ぬ,4,B1,40,居酒屋,見送り,,,2026-10-08,見つからず
b4-B1-756c8f,鉄板焼とおでん 小鉄,4,B1,41,居酒屋,採用,3.4,https://tabelog.com/osaka/P006797/premiseLst/,2026-10-07,ビルの店舗一覧ページの検索結果で確認
b4-B1-5bf614,大富豪,4,B1,46,居酒屋,見送り,,,2026-10-08,見つからず
b4-B1-ea7237,おしゃん亭,4,B1,47,居酒屋,見送り,,,2026-10-08,見つからず
b4-B1-df38d4,立ち呑み 庶民,4,B1,48,立ち飲み,採用,3.45,https://tabelog.com/osaka/P006797/premiseLst/,2026-10-07,ビルの店舗一覧ページの検索結果で確認
b4-B1-d4c887,たこ焼酒場しん家,4,B1,50,お好み焼き・粉もん,採用,3.33,https://tabelog.com/osaka/P006797/premiseLst/izakaya/,2026-10-08,口コミ111件
b4-B1-c712c8,立呑み 晩杯屋,4,B1,52,立ち飲み,採用,3.17,https://tabelog.com/osaka/P006797/premiseLst/,2026-10-07,ビルの店舗一覧ページの検索結果で確認
b4-B1-b28e69,麺's room 神虎,4,B1,53,ラーメン,採用,3.55,https://tabelog.com/osaka/P006797/premiseLst/,2026-10-07,ビルの店舗一覧ページの検索結果で確認
